Entity,Code,Year,Total population (Fink-Jensen 2015)
Afghanistan,AFG,1500,2000
Afghanistan,AFG,1600,2500
Afghanistan,AFG,1700,2500
Afghanistan,AFG,1800,3280
Afghanistan,AFG,1820,3280
Afghanistan,AFG,1850,3750
Afghanistan,AFG,1870,4207
Afghanistan,AFG,1900,5000
Afghanistan,AFG,1910,5730
Afghanistan,AFG,1920,12000
Afghanistan,AFG,1930,7000
Afghanistan,AFG,1940,7000
Afghanistan,AFG,1950,8150.368
Afghanistan,AFG,1960,9829.45
Afghanistan,AFG,1970,12430.623
Afghanistan,AFG,1980,15112.149
Afghanistan,AFG,1990,14669.339
Afghanistan,AFG,2000,23898.197999999997
Albania,ALB,1500,200
Albania,ALB,1600,200
Albania,ALB,1700,300
Albania,ALB,1800,400
Albania,ALB,1820,437
Albania,ALB,1850,500
Albania,ALB,1870,603
Albania,ALB,1890,726
Albania,ALB,1900,800
Albania,ALB,1910,874
Albania,ALB,1920,932
Albania,ALB,1930,982
Albania,ALB,1940,1088
Albania,ALB,1950,1227.156
Albania,ALB,1960,1623.114
Albania,ALB,1970,2156.612
Albania,ALB,1980,2671.4120000000003
Albania,ALB,1990,3250.778
Albania,ALB,2000,3473.835
Algeria,DZA,1500,1500
Algeria,DZA,1600,2250
Algeria,DZA,1700,1750
Algeria,DZA,1800,2500
Algeria,DZA,1820,2689
Algeria,DZA,1850,2838.45251464
Algeria,DZA,1860,3138.55459222
Algeria,DZA,1870,3470.38566879
Algeria,DZA,1880,3837.3003674999995
Algeria,DZA,1890,4243.00798693
Algeria,DZA,1900,4675.31097562
Algeria,DZA,1910,5495.16573087
Algeria,DZA,1920,5779.43747122
Algeria,DZA,1930,6452.56837937
Algeria,DZA,1940,7689.04317076
Algeria,DZA,1950,8925.44337653
Algeria,DZA,1960,10784
Algeria,DZA,1970,13931.846000000001
Algeria,DZA,1980,18806.061
Algeria,DZA,1990,25089
Algeria,DZA,2000,30429
Andorra,AND,1800,2.654
Andorra,AND,1820,2.654
Andorra,AND,1910,5
Andorra,AND,1920,6
Andorra,AND,1930,5
Andorra,AND,1950,6.176
Andorra,AND,1960,8.392000000000001
Andorra,AND,1970,19.545
Andorra,AND,1980,33.584
Andorra,AND,1990,52.836999999999996
Andorra,AND,2000,66.824
Angola,AGO,1800,1567.0279999999998
Angola,AGO,1820,1567.0279999999998
Angola,AGO,1850,2428.94652862
Angola,AGO,1860,2602.34457717
Angola,AGO,1870,2790.35530308
Angola,AGO,1880,2934.37263766
Angola,AGO,1890,3085.15127696
Angola,AGO,1900,2935.01881378
Angola,AGO,1910,2708.49233581
Angola,AGO,1920,2602.08210055
Angola,AGO,1930,3019.82250776
Angola,AGO,1940,3470.25163661
Angola,AGO,1950,4148
Angola,AGO,1960,5012
Angola,AGO,1970,5605.626
Angola,AGO,1980,6743
Angola,AGO,1990,8297
Angola,AGO,2000,10377
Antigua and Barbuda,ATG,1800,37
Antigua and Barbuda,ATG,1850,37
Antigua and Barbuda,ATG,1860,37
Antigua and Barbuda,ATG,1870,35
Antigua and Barbuda,ATG,1880,35
Antigua and Barbuda,ATG,1890,37
Antigua and Barbuda,ATG,1900,35
Antigua and Barbuda,ATG,1910,32
Antigua and Barbuda,ATG,1920,30
Antigua and Barbuda,ATG,1930,31
Antigua and Barbuda,ATG,1940,42
Antigua and Barbuda,ATG,1950,45.816
Antigua and Barbuda,ATG,1960,54.5
Antigua and Barbuda,ATG,1970,65.624
Antigua and Barbuda,ATG,1980,68.546
Antigua and Barbuda,ATG,1990,64
Antigua and Barbuda,ATG,2000,75
Argentina,ARG,1500,300
Argentina,ARG,1550,300
Argentina,ARG,1600,300
Argentina,ARG,1650,300
Argentina,ARG,1700,300
Argentina,ARG,1750,400
Argentina,ARG,1800,534
Argentina,ARG,1810,406
Argentina,ARG,1820,534
Argentina,ARG,1830,634
Argentina,ARG,1840,768
Argentina,ARG,1850,1100
Argentina,ARG,1860,1304
Argentina,ARG,1870,1796
Argentina,ARG,1890,3376
Argentina,ARG,1900,4693
Argentina,ARG,1910,6836
Argentina,ARG,1920,8861
Argentina,ARG,1930,11896
Argentina,ARG,1940,14169
Argentina,ARG,1950,17150.336
Argentina,ARG,1960,20616.009
Argentina,ARG,1970,23962.313
Argentina,ARG,1980,28369.799
Argentina,ARG,1990,33036
Argentina,ARG,2000,37336
Armenia,ARM,1800,413.32599999999996
Armenia,ARM,1820,413.32599999999996
Armenia,ARM,1950,1355.269
Armenia,ARM,1960,1868.852
Armenia,ARM,1970,2519.745
Armenia,ARM,1980,3115.289
Armenia,ARM,1990,3376.783
Armenia,ARM,2000,3042.5559999999996
Australia,AUS,1500,450
Australia,AUS,1600,450
Australia,AUS,1700,450
Australia,AUS,1800,200
Australia,AUS,1820,334
Australia,AUS,1830,330
Australia,AUS,1840,420
Australia,AUS,1850,605
Australia,AUS,1860,1326
Australia,AUS,1870,1775
Australia,AUS,1880,2197
Australia,AUS,1890,3107
Australia,AUS,1900,3741
Australia,AUS,1910,4375
Australia,AUS,1920,5358
Australia,AUS,1930,6469
Australia,AUS,1940,7042
Australia,AUS,1950,8267.337
Australia,AUS,1960,10361.273000000001
Australia,AUS,1970,12660.16
Australia,AUS,1980,14615.9
Australia,AUS,1990,16956
Australia,AUS,2000,19053
Austria,AUT,1500,2000
Austria,AUT,1600,2500
Austria,AUT,1650,2250
Austria,AUT,1700,2500
Austria,AUT,1750,2750
Austria,AUT,1800,3000
Austria,AUT,1820,3369
Austria,AUT,1830,3538
Austria,AUT,1840,3716
Austria,AUT,1850,3950
Austria,AUT,1860,4235
Austria,AUT,1870,4520
Austria,AUT,1880,4941
Austria,AUT,1890,5394
Austria,AUT,1900,5973
Austria,AUT,1910,6614
Austria,AUT,1920,6455
Austria,AUT,1930,6684
Austria,AUT,1940,6705
Austria,AUT,1950,6935.1
Austria,AUT,1960,7047.437
Austria,AUT,1970,7467.085999999999
Austria,AUT,1980,7549.433000000001
Austria,AUT,1990,7722.953
Austria,AUT,2000,8113.4130000000005
Azerbaijan,AZE,1800,879.96
Azerbaijan,AZE,1820,879.96
Azerbaijan,AZE,1950,2885.3320000000003
Azerbaijan,AZE,1960,3881.546
Azerbaijan,AZE,1970,5168.973
Azerbaijan,AZE,1980,6173.361
Azerbaijan,AZE,1990,7199.838000000001
Azerbaijan,AZE,2000,7809
Bahamas,BHS,1800,27.35
Bahamas,BHS,1820,27.35
Bahamas,BHS,1850,28
Bahamas,BHS,1860,35
Bahamas,BHS,1870,39
Bahamas,BHS,1880,44
Bahamas,BHS,1890,48
Bahamas,BHS,1900,54
Bahamas,BHS,1910,56
Bahamas,BHS,1920,53
Bahamas,BHS,1930,60
Bahamas,BHS,1940,69
Bahamas,BHS,1950,70.498
Bahamas,BHS,1960,112.234
Bahamas,BHS,1970,170.32299999999998
Bahamas,BHS,1980,209.94400000000002
Bahamas,BHS,1990,257.253
Bahamas,BHS,2000,290.075
Bahrain,BHR,1800,64.47399999999999
Bahrain,BHR,1820,64.47399999999999
Bahrain,BHR,1870,64.47399999999999
Bahrain,BHR,1910,81.882
Bahrain,BHR,1920,120
Bahrain,BHR,1930,120
Bahrain,BHR,1940,120
Bahrain,BHR,1950,114.84
Bahrain,BHR,1960,156.648
Bahrain,BHR,1970,219.543
Bahrain,BHR,1980,347.56800000000004
Bahrain,BHR,1990,500.476
Bahrain,BHR,2000,634.137
Bangladesh,BGD,1600,12918.659
Bangladesh,BGD,1700,15789.473
Bangladesh,BGD,1820,20000
Bangladesh,BGD,1870,24721
Bangladesh,BGD,1910,31786
Bangladesh,BGD,1930,34427
Bangladesh,BGD,1940,41966
Bangladesh,BGD,1950,45645.96400000001
Bangladesh,BGD,1960,54593
Bangladesh,BGD,1970,67331
Bangladesh,BGD,1980,87937
Bangladesh,BGD,1990,111437
Bangladesh,BGD,2000,136681
Barbados,BRB,1800,81.729
Barbados,BRB,1820,81.729
Barbados,BRB,1850,136
Barbados,BRB,1860,153
Barbados,BRB,1870,162
Barbados,BRB,1880,172
Barbados,BRB,1890,183
Barbados,BRB,1900,196
Barbados,BRB,1910,172
Barbados,BRB,1920,157
Barbados,BRB,1930,174
Barbados,BRB,1940,194
Barbados,BRB,1950,210.666
Barbados,BRB,1960,232.33900000000003
Barbados,BRB,1970,238.75599999999997
Barbados,BRB,1980,251.96599999999998
Barbados,BRB,1990,262
Barbados,BRB,2000,274
Belarus,BLR,1800,2355.081
Belarus,BLR,1820,2355.081
Belarus,BLR,1950,7722.155
Belarus,BLR,1960,8167.918000000001
Belarus,BLR,1970,9027.198
Belarus,BLR,1980,9643.706
Belarus,BLR,1990,10215.208
Belarus,BLR,2000,10366.719000000001
Belgium,BEL,1500,1400
Belgium,BEL,1600,1600
Belgium,BEL,1650,1500
Belgium,BEL,1700,2000
Belgium,BEL,1750,2250
Belgium,BEL,1800,3250
Belgium,BEL,1820,3434
Belgium,BEL,1830,3750
Belgium,BEL,1840,4080
Belgium,BEL,1850,4449
Belgium,BEL,1860,4740
Belgium,BEL,1870,5096
Belgium,BEL,1880,5541
Belgium,BEL,1890,6096
Belgium,BEL,1900,6719
Belgium,BEL,1910,7498
Belgium,BEL,1920,7552
Belgium,BEL,1930,8076
Belgium,BEL,1940,8346
Belgium,BEL,1950,8639.369
Belgium,BEL,1960,9118.7
Belgium,BEL,1970,9637.8
Belgium,BEL,1980,9846.8
Belgium,BEL,1990,9969.31
Belgium,BEL,2000,10263.618
Belize,BLZ,1800,25.526
Belize,BLZ,1820,25.526
Belize,BLZ,1860,26
Belize,BLZ,1870,25
Belize,BLZ,1880,27
Belize,BLZ,1890,31
Belize,BLZ,1900,37
Belize,BLZ,1910,40
Belize,BLZ,1920,45
Belize,BLZ,1930,51
Belize,BLZ,1940,59
Belize,BLZ,1950,65.797
Belize,BLZ,1960,91.863
Belize,BLZ,1970,122.07
Belize,BLZ,1980,144.416
Belize,BLZ,1990,190.847
Belize,BLZ,2000,247.887
Benin,BEN,1800,636.559
Benin,BEN,1820,636.559
Benin,BEN,1850,791.150466855
Benin,BEN,1860,821.899564277
Benin,BEN,1870,889.655176351
Benin,BEN,1880,967.817332586
Benin,BEN,1890,1026.9234528
Benin,BEN,1900,1079.44045377
Benin,BEN,1910,1169.57952922
Benin,BEN,1920,1257.75665661
Benin,BEN,1930,1459.67794794
Benin,BEN,1940,1677.39983881
Benin,BEN,1950,2005
Benin,BEN,1960,2316
Benin,BEN,1970,2619.8089999999997
Benin,BEN,1980,3458
Benin,BEN,1990,4705
Benin,BEN,2000,6619
Bhutan,BTN,1800,392.287
Bhutan,BTN,1820,392.287
Bhutan,BTN,1910,250
Bhutan,BTN,1920,250
Bhutan,BTN,1930,250
Bhutan,BTN,1940,250
Bhutan,BTN,1950,164
Bhutan,BTN,1960,212
Bhutan,BTN,1970,309
Bhutan,BTN,1980,446
Bhutan,BTN,1990,615
Bhutan,BTN,2000,606
Bolivia,BOL,1500,900
Bolivia,BOL,1550,803
Bolivia,BOL,1600,670
Bolivia,BOL,1650,591
Bolivia,BOL,1700,534
Bolivia,BOL,1750,562
Bolivia,BOL,1800,887
Bolivia,BOL,1820,1100
Bolivia,BOL,1850,1374
Bolivia,BOL,1870,1495
Bolivia,BOL,1880,1098
Bolivia,BOL,1900,1696
Bolivia,BOL,1910,1837
Bolivia,BOL,1920,2136
Bolivia,BOL,1930,2397
Bolivia,BOL,1940,2690
Bolivia,BOL,1950,2766.028
Bolivia,BOL,1960,3434.073
Bolivia,BOL,1970,4346.218
Bolivia,BOL,1980,5441.298000000001
Bolivia,BOL,1990,6573.9
Bolivia,BOL,2000,8195
Bosnia and Herzegovina,BIH,1800,851.806
Bosnia and Herzegovina,BIH,1820,851.806
Bosnia and Herzegovina,BIH,1870,1158
Bosnia and Herzegovina,BIH,1880,1360
Bosnia and Herzegovina,BIH,1890,1568
Bosnia and Herzegovina,BIH,1910,1972
Bosnia and Herzegovina,BIH,1950,2662
Bosnia and Herzegovina,BIH,1960,3240
Bosnia and Herzegovina,BIH,1970,3703
Bosnia and Herzegovina,BIH,1980,4092
Bosnia and Herzegovina,BIH,1990,4423.646
Bosnia and Herzegovina,BIH,2000,4035.4570000000003
Botswana,BWA,1800,121
Botswana,BWA,1850,100.046069808
Botswana,BWA,1860,110.623676179
Botswana,BWA,1870,122.31962489700001
Botswana,BWA,1880,135.252155341
Botswana,BWA,1890,149.552008027
Botswana,BWA,1900,165.363746319
Botswana,BWA,1910,194.663368121
Botswana,BWA,1920,227.038281316
Botswana,BWA,1930,279.529379797
Botswana,BWA,1940,341.36183932
Botswana,BWA,1950,412.827
Botswana,BWA,1960,528.827
Botswana,BWA,1970,583.999
Botswana,BWA,1980,900.4760000000001
Botswana,BWA,1990,1265
Botswana,BWA,2000,1680
Brazil,BRA,1500,1000
Brazil,BRA,1600,800
Brazil,BRA,1700,1250
Brazil,BRA,1750,1500
Brazil,BRA,1800,2500
Brazil,BRA,1820,4507
Brazil,BRA,1850,7234
Brazil,BRA,1870,9797
Brazil,BRA,1880,11794
Brazil,BRA,1890,14199
Brazil,BRA,1900,17984
Brazil,BRA,1910,22216
Brazil,BRA,1920,27404
Brazil,BRA,1930,33568
Brazil,BRA,1940,41114
Brazil,BRA,1950,53443.075
Brazil,BRA,1960,71694.81
Brazil,BRA,1970,95684.29699999999
Brazil,BRA,1980,123020
Brazil,BRA,1990,151170
Brazil,BRA,2000,176320
Brunei,BRN,1910,22
Brunei,BRN,1920,26
Brunei,BRN,1930,30
Brunei,BRN,1940,41
Brunei,BRN,1950,44.983000000000004
Brunei,BRN,1960,83.037
Brunei,BRN,1970,127.554
Brunei,BRN,1980,185.22
Brunei,BRN,1990,253
Brunei,BRN,2000,325
Bulgaria,BGR,1500,800
Bulgaria,BGR,1600,1250
Bulgaria,BGR,1700,1250
Bulgaria,BGR,1800,2250
Bulgaria,BGR,1820,2187
Bulgaria,BGR,1850,2500
Bulgaria,BGR,1870,2586
Bulgaria,BGR,1890,3445
Bulgaria,BGR,1900,4000
Bulgaria,BGR,1910,4520
Bulgaria,BGR,1920,5072
Bulgaria,BGR,1930,6027
Bulgaria,BGR,1940,6666
Bulgaria,BGR,1950,7250.5
Bulgaria,BGR,1960,7867.374
Bulgaria,BGR,1970,8489.574
Bulgaria,BGR,1980,8843.528
Bulgaria,BGR,1990,8894.028
Bulgaria,BGR,2000,7818.495
Burkina Faso,BFA,1800,1665.421
Burkina Faso,BFA,1820,1665.421
Burkina Faso,BFA,1850,1851.68652824
Burkina Faso,BFA,1860,1889.05534624
Burkina Faso,BFA,1870,1927.17830298
Burkina Faso,BFA,1880,2005.66790831
Burkina Faso,BFA,1890,2087.35421741
Burkina Faso,BFA,1900,2194.1017876999995
Burkina Faso,BFA,1910,2447.7571464000002
Burkina Faso,BFA,1920,2650.7797747
Burkina Faso,BFA,1930,3016.25532678
Burkina Faso,BFA,1940,3398.39007672
Burkina Faso,BFA,1950,3983
Burkina Faso,BFA,1960,4563
Burkina Faso,BFA,1970,5303.776999999999
Burkina Faso,BFA,1980,6318
Burkina Faso,BFA,1990,8361
Burkina Faso,BFA,2000,11588
Burundi,BDI,1800,899.097
Burundi,BDI,1820,899.097
Burundi,BDI,1850,1410.00506034
Burundi,BDI,1860,1496.92650601
Burundi,BDI,1870,1589.206328
Burundi,BDI,1880,1704.02119071
Burundi,BDI,1890,1827.13104474
Burundi,BDI,1900,1737.80284634
Burundi,BDI,1910,1603.67820076
Burundi,BDI,1920,1540.67349059
Burundi,BDI,1930,1788.01448386
Burundi,BDI,1940,2054.7102265
Burundi,BDI,1950,2456
Burundi,BDI,1960,2940
Burundi,BDI,1970,3521.913
Burundi,BDI,1980,4299.555
Burundi,BDI,1990,5505.113
Burundi,BDI,2000,6621.126
Cambodia,KHM,1800,2090
Cambodia,KHM,1820,2090
Cambodia,KHM,1870,2340
Cambodia,KHM,1910,3070
Cambodia,KHM,1930,2806
Cambodia,KHM,1940,3046
Cambodia,KHM,1950,4471.17
Cambodia,KHM,1960,5761.223000000001
Cambodia,KHM,1970,7396
Cambodia,KHM,1980,6888
Cambodia,KHM,1990,9345
Cambodia,KHM,2000,12396
Cameroon,CMR,1800,1860.0539999999999
Cameroon,CMR,1820,1860.0539999999999
Cameroon,CMR,1850,2767.54652198
Cameroon,CMR,1860,2900.7596805999997
Cameroon,CMR,1870,3050.83990234
Cameroon,CMR,1880,3241.3720038
Cameroon,CMR,1890,3444.45243276
Cameroon,CMR,1900,3312.92256014
Cameroon,CMR,1910,3040.69239055
Cameroon,CMR,1920,2912.17207377
Cameroon,CMR,1930,3323.21210468
Cameroon,CMR,1940,3777.1053217
Cameroon,CMR,1950,4466
Cameroon,CMR,1960,5408
Cameroon,CMR,1970,6726.733
Cameroon,CMR,1980,8762
Cameroon,CMR,1990,11884
Cameroon,CMR,2000,15343
Canada,CAN,1500,250
Canada,CAN,1600,250
Canada,CAN,1700,200
Canada,CAN,1750,300
Canada,CAN,1800,500
Canada,CAN,1820,816
Canada,CAN,1830,1169
Canada,CAN,1840,1697
Canada,CAN,1850,2485
Canada,CAN,1860,3369
Canada,CAN,1870,3781
Canada,CAN,1880,4384
Canada,CAN,1890,4918
Canada,CAN,1900,5457
Canada,CAN,1910,7188
Canada,CAN,1920,8798
Canada,CAN,1930,10488
Canada,CAN,1940,11688
Canada,CAN,1950,14011.421999999999
Canada,CAN,1960,18266.765
Canada,CAN,1970,21749.986
Canada,CAN,1980,24593.3
Canada,CAN,1990,27790.6
Canada,CAN,2000,31100
Cape Verde,CPV,1550,10
Cape Verde,CPV,1700,20
Cape Verde,CPV,1800,55.716
Cape Verde,CPV,1820,55.716
Cape Verde,CPV,1910,144
Cape Verde,CPV,1920,127
Cape Verde,CPV,1930,146
Cape Verde,CPV,1940,182
Cape Verde,CPV,1950,146.403
Cape Verde,CPV,1960,196.768
Cape Verde,CPV,1970,268.867
Cape Verde,CPV,1980,296.04200000000003
Cape Verde,CPV,1990,349.264
Cape Verde,CPV,2000,402
Central African Republic,CAF,1800,479.444
Central African Republic,CAF,1820,479.444
Central African Republic,CAF,1850,930.846504735
Central African Republic,CAF,1860,935.801850003
Central African Republic,CAF,1870,954.1117341239999
Central African Republic,CAF,1880,987.3243389060001
Central African Republic,CAF,1890,1021.92100522
Central African Republic,CAF,1900,976.5358291030001
Central African Republic,CAF,1910,919.500619461
Central African Republic,CAF,1920,874.4977715189999
Central African Republic,CAF,1930,995.068917749
Central African Republic,CAF,1940,1121.13596807
Central African Republic,CAF,1950,1314
Central African Republic,CAF,1960,1530
Central African Republic,CAF,1970,1839.245
Central African Republic,CAF,1980,2349
Central African Republic,CAF,1990,3085
Central African Republic,CAF,2000,3940
Chad,TCD,1800,1432
Chad,TCD,1850,1787.52196236
Chad,TCD,1860,1805.47783535
Chad,TCD,1870,1823.61407725
Chad,TCD,1880,1860.41636614
Chad,TCD,1890,1897.96136067
Chad,TCD,1900,1751.47558677
Chad,TCD,1910,1682.6642680999998
Chad,TCD,1920,1616.55638281
Chad,TCD,1930,1839.4386614999999
Chad,TCD,1940,2072.48041586
Chad,TCD,1950,2429
Chad,TCD,1960,2967
Chad,TCD,1970,3727
Chad,TCD,1980,4522
Chad,TCD,1990,5841
Chad,TCD,2000,7943
Chile,CHL,1500,600
Chile,CHL,1550,700
Chile,CHL,1600,600
Chile,CHL,1650,600
Chile,CHL,1700,600
Chile,CHL,1750,700
Chile,CHL,1800,771.447
Chile,CHL,1820,771.447
Chile,CHL,1830,965.173
Chile,CHL,1840,1180.761
Chile,CHL,1850,1409.885
Chile,CHL,1860,1660.6589999999999
Chile,CHL,1870,1944.569
Chile,CHL,1880,2264.042
Chile,CHL,1890,2607.769
Chile,CHL,1900,2958.986
Chile,CHL,1910,3317.1659999999997
Chile,CHL,1920,3722.598
Chile,CHL,1930,4265.755999999999
Chile,CHL,1940,5056.404
Chile,CHL,1950,6090.8330000000005
Chile,CHL,1960,7585.349
Chile,CHL,1970,9368.558
Chile,CHL,1980,11093.718
Chile,CHL,1990,13129
Chile,CHL,2000,15156
China,CHN,1500,103000
China,CHN,1600,160000
China,CHN,1650,140000
China,CHN,1700,138000
China,CHN,1750,225000
China,CHN,1800,330000
China,CHN,1810,345717
China,CHN,1820,381000
China,CHN,1830,409000
China,CHN,1840,412000
China,CHN,1850,412000
China,CHN,1860,377000
China,CHN,1870,358000
China,CHN,1880,368000
China,CHN,1890,380000
China,CHN,1900,400000
China,CHN,1910,423000
China,CHN,1920,472000
China,CHN,1930,489000
China,CHN,1940,518770
China,CHN,1950,546815
China,CHN,1960,667070
China,CHN,1970,818315
China,CHN,1980,981861
China,CHN,1990,1135185
China,CHN,2000,1262645
Colombia,COL,1500,1000
Colombia,COL,1550,900
Colombia,COL,1600,800
Colombia,COL,1650,800
Colombia,COL,1700,800
Colombia,COL,1750,807
Colombia,COL,1800,1206
Colombia,COL,1820,1206
Colombia,COL,1830,1686
Colombia,COL,1840,1932
Colombia,COL,1850,2065
Colombia,COL,1860,2694
Colombia,COL,1870,2392
Colombia,COL,1890,3369
Colombia,COL,1900,3998
Colombia,COL,1910,4890
Colombia,COL,1920,6213
Colombia,COL,1930,7914
Colombia,COL,1940,9174
Colombia,COL,1950,11591.658000000001
Colombia,COL,1960,15952.726999999999
Colombia,COL,1970,21429.658
Colombia,COL,1980,26631
Colombia,COL,1990,32957
Colombia,COL,2000,39817
Comoros,COM,1500,10
Comoros,COM,1600,20
Comoros,COM,1700,30
Comoros,COM,1750,40
Comoros,COM,1800,56.346000000000004
Comoros,COM,1820,56.346000000000004
Comoros,COM,1850,60
Comoros,COM,1900,80
Comoros,COM,1920,120
Comoros,COM,1950,148.05700000000002
Comoros,COM,1960,182.899
Comoros,COM,1970,236.252
Comoros,COM,1980,333.51300000000003
Comoros,COM,1990,429.01
Comoros,COM,2000,579
Congo,COG,1800,314.465
Congo,COG,1820,314.465
Congo,COG,1850,507.653257224
Congo,COG,1860,507.653257224
Congo,COG,1870,538.948148469
Congo,COG,1880,583.64975205
Congo,COG,1890,625.8165021890001
Congo,COG,1900,595.220415045
Congo,COG,1910,538.306674046
Congo,COG,1920,506.866522962
Congo,COG,1930,588.239292736
Congo,COG,1940,675.979585916
Congo,COG,1950,808
Congo,COG,1960,1003
Congo,COG,1970,1272.4080000000001
Congo,COG,1980,1674.005
Congo,COG,1990,2266
Congo,COG,2000,3104
"Congo, DRC",,1800,5163.819
"Congo, DRC",,1820,5163.819
"Congo, DRC",,1850,8222.55796283
"Congo, DRC",,1860,8269.61117736
"Congo, DRC",,1870,8810.81395744
"Congo, DRC",,1880,9507.902471
"Congo, DRC",,1890,9949.94540003
"Congo, DRC",,1900,9449.636507700001
"Congo, DRC",,1910,8546.08187292
"Congo, DRC",,1920,8055.65988048
"Congo, DRC",,1930,9186.08121906
"Congo, DRC",,1940,10372.5995215
"Congo, DRC",,1950,12184
"Congo, DRC",,1960,15451
"Congo, DRC",,1970,21780.955
"Congo, DRC",,1980,29013
"Congo, DRC",,1990,39047
"Congo, DRC",,2000,51849
Costa Rica,CRI,1700,19
Costa Rica,CRI,1750,24
Costa Rica,CRI,1800,53
Costa Rica,CRI,1820,63
Costa Rica,CRI,1830,78
Costa Rica,CRI,1840,94
Costa Rica,CRI,1850,101
Costa Rica,CRI,1860,120
Costa Rica,CRI,1870,137
Costa Rica,CRI,1880,182
Costa Rica,CRI,1890,243
Costa Rica,CRI,1900,297
Costa Rica,CRI,1910,363
Costa Rica,CRI,1920,420
Costa Rica,CRI,1930,500
Costa Rica,CRI,1940,620
Costa Rica,CRI,1950,866.982
Costa Rica,CRI,1960,1248.022
Costa Rica,CRI,1970,1735.523
Costa Rica,CRI,1980,2299.124
Costa Rica,CRI,1990,3027.175
Costa Rica,CRI,2000,3710.558
Cote d'Ivoire,CIV,1800,1088.53
Cote d'Ivoire,CIV,1820,1088.53
Cote d'Ivoire,CIV,1850,1033.82850164
Cote d'Ivoire,CIV,1860,1108.51916665
Cote d'Ivoire,CIV,1870,1176.85515439
Cote d'Ivoire,CIV,1880,1261.87901857
Cote d'Ivoire,CIV,1890,1326.4116781999999
Cote d'Ivoire,CIV,1900,1422.24050297
Cote d'Ivoire,CIV,1910,1480.16513588
Cote d'Ivoire,CIV,1920,1571.41168319
Cote d'Ivoire,CIV,1930,1823.68741127
Cote d'Ivoire,CIV,1940,2095.70403802
Cote d'Ivoire,CIV,1950,2505
Cote d'Ivoire,CIV,1960,3557
Cote d'Ivoire,CIV,1970,5579
Cote d'Ivoire,CIV,1980,8593
Cote d'Ivoire,CIV,1990,12491
Cote d'Ivoire,CIV,2000,16885
Croatia,HRV,1800,1227.886
Croatia,HRV,1820,1227.886
Croatia,HRV,1950,3837.297
Croatia,HRV,1960,4036.145
Croatia,HRV,1970,4205.389
Croatia,HRV,1980,4383
Croatia,HRV,1990,4508.347
Croatia,HRV,2000,4410.83
Cuba,CUB,1650,30
Cuba,CUB,1750,172
Cuba,CUB,1800,272
Cuba,CUB,1810,572
Cuba,CUB,1820,605
Cuba,CUB,1830,1008
Cuba,CUB,1840,1008
Cuba,CUB,1850,1186
Cuba,CUB,1860,1397
Cuba,CUB,1870,1331
Cuba,CUB,1880,1522
Cuba,CUB,1890,1632
Cuba,CUB,1900,1658
Cuba,CUB,1910,2219
Cuba,CUB,1920,2997
Cuba,CUB,1930,3837
Cuba,CUB,1940,4566
Cuba,CUB,1950,5784.797
Cuba,CUB,1960,7027.21
Cuba,CUB,1970,8542.746
Cuba,CUB,1980,9652.975
Cuba,CUB,1990,10513
Cuba,CUB,2000,11106
Cyprus,CYP,1600,180
Cyprus,CYP,1800,184.392
Cyprus,CYP,1880,186
Cyprus,CYP,1890,209
Cyprus,CYP,1900,237
Cyprus,CYP,1910,274
Cyprus,CYP,1920,311
Cyprus,CYP,1930,348
Cyprus,CYP,1940,450
Cyprus,CYP,1950,494
Cyprus,CYP,1960,573
Cyprus,CYP,1970,614.6
Cyprus,CYP,1980,611
Cyprus,CYP,1990,681.3489999999999
Cyprus,CYP,2000,758.363
Czechia,CZE,1800,5516.349
Czechia,CZE,1820,5516.349
Czechia,CZE,1950,8925.122
Czechia,CZE,1960,9659.818000000001
Czechia,CZE,1970,9795.226
Czechia,CZE,1980,10288.726
Czechia,CZE,1990,10309.514000000001
Czechia,CZE,2000,10270.128
Denmark,DNK,1500,600
Denmark,DNK,1600,650
Denmark,DNK,1700,700
Denmark,DNK,1800,1000
Denmark,DNK,1820,1155
Denmark,DNK,1830,1273
Denmark,DNK,1840,1357
Denmark,DNK,1850,1499
Denmark,DNK,1860,1696
Denmark,DNK,1870,1888
Denmark,DNK,1880,2081
Denmark,DNK,1890,2294
Denmark,DNK,1900,2561
Denmark,DNK,1910,2882
Denmark,DNK,1920,3242
Denmark,DNK,1930,3542
Denmark,DNK,1940,3832
Denmark,DNK,1950,4271
Denmark,DNK,1960,4581
Denmark,DNK,1970,4928.7570000000005
Denmark,DNK,1980,5123.027
Denmark,DNK,1990,5140.954000000001
Denmark,DNK,2000,5337.416
Djibouti,DJI,1800,22.848000000000003
Djibouti,DJI,1820,22.848000000000003
Djibouti,DJI,1850,40.414274113299996
Djibouti,DJI,1860,40.414274113299996
Djibouti,DJI,1870,40.414274113299996
Djibouti,DJI,1880,40.8202403549
Djibouti,DJI,1890,41.2302845763
Djibouti,DJI,1900,42.4840256688
Djibouti,DJI,1910,43.775890842799996
Djibouti,DJI,1920,44.65933049229999
Djibouti,DJI,1930,49.3316845679
Djibouti,DJI,1940,53.423368366800005
Djibouti,DJI,1950,62
Djibouti,DJI,1960,85
Djibouti,DJI,1970,158.034
Djibouti,DJI,1980,279.149
Djibouti,DJI,1990,366.088
Djibouti,DJI,2000,430.82199999999995
Dominica,DMA,1800,19.95
Dominica,DMA,1820,19.95
Dominica,DMA,1840,22
Dominica,DMA,1860,25
Dominica,DMA,1870,27
Dominica,DMA,1880,28
Dominica,DMA,1890,27
Dominica,DMA,1900,29
Dominica,DMA,1910,34
Dominica,DMA,1920,37
Dominica,DMA,1930,43
Dominica,DMA,1940,48
Dominica,DMA,1950,51.423
Dominica,DMA,1960,60.256
Dominica,DMA,1970,70.764
Dominica,DMA,1980,74
Dominica,DMA,1990,70
Dominica,DMA,2000,71
Dominican Republic,DOM,1650,70
Dominican Republic,DOM,1700,100
Dominican Republic,DOM,1750,130
Dominican Republic,DOM,1800,150
Dominican Republic,DOM,1820,89
Dominican Republic,DOM,1850,146
Dominican Republic,DOM,1870,242
Dominican Republic,DOM,1900,515
Dominican Republic,DOM,1910,688
Dominican Republic,DOM,1920,879
Dominican Republic,DOM,1930,1256
Dominican Republic,DOM,1940,1674
Dominican Republic,DOM,1950,2352.968
Dominican Republic,DOM,1960,3231.488
Dominican Republic,DOM,1970,4422.755
Dominican Republic,DOM,1980,5696.855
Dominican Republic,DOM,1990,7083
Dominican Republic,DOM,2000,8410
Ecuador,ECU,1500,600
Ecuador,ECU,1550,550
Ecuador,ECU,1600,500
Ecuador,ECU,1650,500
Ecuador,ECU,1700,500
Ecuador,ECU,1750,500
Ecuador,ECU,1800,500
Ecuador,ECU,1820,500
Ecuador,ECU,1850,816
Ecuador,ECU,1870,1013
Ecuador,ECU,1900,1400
Ecuador,ECU,1910,1617
Ecuador,ECU,1920,1790
Ecuador,ECU,1930,1944
Ecuador,ECU,1940,2466
Ecuador,ECU,1950,3369.955
Ecuador,ECU,1960,4415.956
Ecuador,ECU,1970,5939.246
Ecuador,ECU,1980,7920.499
Ecuador,ECU,1990,10318.036
Ecuador,ECU,2000,12446
Egypt,EGY,1500,4000
Egypt,EGY,1600,5000
Egypt,EGY,1700,4500
Egypt,EGY,1800,3500
Egypt,EGY,1820,4194
Egypt,EGY,1840,4476
Egypt,EGY,1850,5683.84583391
Egypt,EGY,1860,6284.78382199
Egypt,EGY,1870,6949.25739425
Egypt,EGY,1880,7683.984
Egypt,EGY,1890,8799.25388348
Egypt,EGY,1900,10176.3057099
Egypt,EGY,1910,11698.5116994
Egypt,EGY,1920,13139.4645055
Egypt,EGY,1930,14679.848822799999
Egypt,EGY,1940,16812.1814609
Egypt,EGY,1950,21834
Egypt,EGY,1960,27840
Egypt,EGY,1970,33574.026
Egypt,EGY,1980,42634.215
Egypt,EGY,1990,56683
Egypt,EGY,2000,70512
El Salvador,SLV,1800,248
El Salvador,SLV,1810,165
El Salvador,SLV,1820,248
El Salvador,SLV,1850,366
El Salvador,SLV,1870,492
El Salvador,SLV,1880,613
El Salvador,SLV,1890,704
El Salvador,SLV,1900,766
El Salvador,SLV,1910,946
El Salvador,SLV,1920,1170
El Salvador,SLV,1930,1440
El Salvador,SLV,1940,1630
El Salvador,SLV,1950,1939.8
El Salvador,SLV,1960,2581.583
El Salvador,SLV,1970,3603.907
El Salvador,SLV,1980,4566.1990000000005
El Salvador,SLV,1990,5099.884
El Salvador,SLV,2000,6126
Equatorial Guinea,GNQ,1800,80.377
Equatorial Guinea,GNQ,1820,80.377
Equatorial Guinea,GNQ,1850,108.342275717
Equatorial Guinea,GNQ,1860,115.02116467799999
Equatorial Guinea,GNQ,1870,122.111781725
Equatorial Guinea,GNQ,1880,130.933951136
Equatorial Guinea,GNQ,1890,140.393492895
Equatorial Guinea,GNQ,1900,133.529673344
Equatorial Guinea,GNQ,1910,120.761843054
Equatorial Guinea,GNQ,1920,113.70866914
Equatorial Guinea,GNQ,1930,129.386221469
Equatorial Guinea,GNQ,1940,145.778391903
Equatorial Guinea,GNQ,1950,226
Equatorial Guinea,GNQ,1960,252
Equatorial Guinea,GNQ,1970,270.435
Equatorial Guinea,GNQ,1980,256.009
Equatorial Guinea,GNQ,1990,371
Equatorial Guinea,GNQ,2000,491
Eritrea,ERI,1800,205.01
Eritrea,ERI,1820,205.01
Eritrea,ERI,1850,700.6632285039999
Eritrea,ERI,1860,700.6632285039999
Eritrea,ERI,1870,700.6632285039999
Eritrea,ERI,1880,707.7014748610001
Eritrea,ERI,1890,714.8104212489999
Eritrea,ERI,1900,721.990777858
Eritrea,ERI,1910,774.1522062239999
Eritrea,ERI,1920,821.875743415
Eritrea,ERI,1930,907.862130515
Eritrea,ERI,1940,983.162311395
Eritrea,ERI,1950,1141
Eritrea,ERI,1960,1424
Eritrea,ERI,1970,2160.46
Eritrea,ERI,1980,2568.741
Eritrea,ERI,1990,3138
Eritrea,ERI,2000,4197
Estonia,EST,1800,334.13599999999997
Estonia,EST,1820,334.13599999999997
Estonia,EST,1910,986
Estonia,EST,1920,1115
Estonia,EST,1930,1124
Estonia,EST,1940,1122
Estonia,EST,1950,1095.61
Estonia,EST,1960,1210.647
Estonia,EST,1970,1363.183
Estonia,EST,1980,1482.1960000000001
Estonia,EST,1990,1569.3220000000001
Estonia,EST,2000,1379.835
Eswatini,SWZ,1800,86
Eswatini,SWZ,1850,66.1598612917
Eswatini,SWZ,1860,73.1547684545
Eswatini,SWZ,1870,80.88922865239999
Eswatini,SWZ,1880,89.4414328719
Eswatini,SWZ,1890,98.89783902559999
Eswatini,SWZ,1900,109.35404599299999
Eswatini,SWZ,1910,128.729708806
Eswatini,SWZ,1920,150.13904323
Eswatini,SWZ,1930,184.851089402
Eswatini,SWZ,1940,225.740521173
Eswatini,SWZ,1950,273
Eswatini,SWZ,1960,347.08099999999996
Eswatini,SWZ,1970,455.145
Eswatini,SWZ,1980,611.447
Eswatini,SWZ,1990,884.6160000000001
Eswatini,SWZ,2000,1109.75
Ethiopia,ETH,1850,18434
Ethiopia,ETH,1860,18434
Ethiopia,ETH,1870,18434
Ethiopia,ETH,1880,18434
Ethiopia,ETH,1890,18434
Ethiopia,ETH,1900,18434
Ethiopia,ETH,1910,18434
Ethiopia,ETH,1920,18434
Ethiopia,ETH,1930,18434
Ethiopia,ETH,1940,18434
Ethiopia,ETH,1950,18434
Ethiopia,ETH,1960,22942
Ethiopia,ETH,1970,29468.504
Ethiopia,ETH,1980,36036
Ethiopia,ETH,1990,48397
Ethiopia,ETH,2000,64165
Fiji,FJI,1700,118.803
Fiji,FJI,1800,130.533
Fiji,FJI,1840,140
Fiji,FJI,1850,137
Fiji,FJI,1880,127
Fiji,FJI,1890,121
Fiji,FJI,1900,120
Fiji,FJI,1910,140
Fiji,FJI,1920,157
Fiji,FJI,1930,198
Fiji,FJI,1940,260
Fiji,FJI,1950,287.348
Fiji,FJI,1960,393.348
Fiji,FJI,1970,521
Fiji,FJI,1980,634.506
Fiji,FJI,1990,738.09
Fiji,FJI,2000,833
Finland,FIN,1500,300
Finland,FIN,1600,400
Finland,FIN,1700,400
Finland,FIN,1800,800
Finland,FIN,1820,1169
Finland,FIN,1830,1364
Finland,FIN,1840,1441
Finland,FIN,1850,1628
Finland,FIN,1860,1738
Finland,FIN,1870,1754
Finland,FIN,1880,2047
Finland,FIN,1890,2364
Finland,FIN,1900,2646
Finland,FIN,1910,2929
Finland,FIN,1920,3133
Finland,FIN,1930,3449
Finland,FIN,1940,3698
Finland,FIN,1950,4008.9
Finland,FIN,1960,4429.6
Finland,FIN,1970,4606.307
Finland,FIN,1980,4779.535
Finland,FIN,1990,4986.431
Finland,FIN,2000,5168.595
France,FRA,1500,15000
France,FRA,1600,18500
France,FRA,1650,21000
France,FRA,1700,21471
France,FRA,1750,24000
France,FRA,1800,29000
France,FRA,1820,31250
France,FRA,1830,33300
France,FRA,1840,34900
France,FRA,1850,36350
France,FRA,1860,37300
France,FRA,1870,38440
France,FRA,1880,39045
France,FRA,1890,40014
France,FRA,1900,40598
France,FRA,1910,41224
France,FRA,1920,39000
France,FRA,1930,41610
France,FRA,1940,41000
France,FRA,1950,42518
France,FRA,1960,46584
France,FRA,1970,51918
France,FRA,1980,55110
France,FRA,1990,58168
France,FRA,2000,61137
Gabon,GAB,1800,158.227
Gabon,GAB,1820,158.227
Gabon,GAB,1850,297.399724395
Gabon,GAB,1860,315.733285539
Gabon,GAB,1870,335.197040953
Gabon,GAB,1880,359.413910443
Gabon,GAB,1890,385.380368074
Gabon,GAB,1900,366.53917215800004
Gabon,GAB,1910,331.491457088
Gabon,GAB,1920,312.130483137
Gabon,GAB,1930,355.165389973
Gabon,GAB,1940,400.161924676
Gabon,GAB,1950,469
Gabon,GAB,1960,486
Gabon,GAB,1970,514.597
Gabon,GAB,1980,713.502
Gabon,GAB,1990,938
Gabon,GAB,2000,1236
Gambia,GMB,1800,103.274
Gambia,GMB,1820,103.274
Gambia,GMB,1850,112.066915975
Gambia,GMB,1860,118.97541483200001
Gambia,GMB,1870,126.309796352
Gambia,GMB,1880,138.149302737
Gambia,GMB,1890,151.098571907
Gambia,GMB,1900,162.014940338
Gambia,GMB,1910,173.71998002
Gambia,GMB,1920,184.429155632
Gambia,GMB,1930,214.037564436
Gambia,GMB,1940,245.962869133
Gambia,GMB,1950,294
Gambia,GMB,1960,360
Gambia,GMB,1970,484.58
Gambia,GMB,1980,670.523
Gambia,GMB,1990,949.255
Gambia,GMB,2000,1367.884
Georgia,GEO,1800,1072.178
Georgia,GEO,1820,1072.178
Georgia,GEO,1950,3515.6020000000003
Georgia,GEO,1960,4146.57
Georgia,GEO,1970,4694.491
Georgia,GEO,1980,5045.697
Georgia,GEO,1990,5426.206999999999
Georgia,GEO,2000,4777.209
Germany,DEU,1500,12000
Germany,DEU,1600,16000
Germany,DEU,1650,11000
Germany,DEU,1700,15000
Germany,DEU,1750,15000
Germany,DEU,1800,18000
Germany,DEU,1820,24905
Germany,DEU,1830,28045
Germany,DEU,1840,31126
Germany,DEU,1850,33746
Germany,DEU,1860,36049
Germany,DEU,1870,39231
Germany,DEU,1880,43500
Germany,DEU,1890,47607
Germany,DEU,1900,54388
Germany,DEU,1910,62884
Germany,DEU,1920,60894
Germany,DEU,1930,65084
Germany,DEU,1940,69835
Germany,DEU,1950,68374.572
Germany,DEU,1960,72480.869
Germany,DEU,1970,77783.164
Germany,DEU,1980,78297.90400000001
Germany,DEU,1990,79380.394
Germany,DEU,2000,82187.909
Ghana,GHA,1800,2016.0339999999999
Ghana,GHA,1820,2016.0339999999999
Ghana,GHA,1850,1981.04728762
Ghana,GHA,1860,2093.09780678
Ghana,GHA,1870,2211.64554291
Ghana,GHA,1880,2365.90051525
Ghana,GHA,1890,2564.87551888
Ghana,GHA,1900,2799.90660598
Ghana,GHA,1910,3056.57904562
Ghana,GHA,1920,3288.98660877
Ghana,GHA,1930,3817.00323244
Ghana,GHA,1940,4386.33783287
Ghana,GHA,1950,5243
Ghana,GHA,1960,7126
Ghana,GHA,1970,8788.945
Ghana,GHA,1980,11017
Ghana,GHA,1990,15414
Ghana,GHA,2000,19736
Greece,GRC,1500,1000
Greece,GRC,1600,1500
Greece,GRC,1700,1500
Greece,GRC,1800,2250
Greece,GRC,1820,2312
Greece,GRC,1830,2534
Greece,GRC,1840,2777
Greece,GRC,1850,3044
Greece,GRC,1860,3336
Greece,GRC,1870,3657
Greece,GRC,1880,4049
Greece,GRC,1890,4482
Greece,GRC,1900,4962
Greece,GRC,1910,5320
Greece,GRC,1920,5700
Greece,GRC,1930,6351
Greece,GRC,1940,7280
Greece,GRC,1950,7566.028
Greece,GRC,1960,8327.405
Greece,GRC,1970,8792.806
Greece,GRC,1980,9642.505
Greece,GRC,1990,10129.603000000001
Greece,GRC,2000,10559.11
Grenada,GRD,1800,29.409000000000002
Grenada,GRD,1820,29.409000000000002
Grenada,GRD,1850,33
Grenada,GRD,1860,32
Grenada,GRD,1870,38
Grenada,GRD,1880,42
Grenada,GRD,1890,53
Grenada,GRD,1900,63
Grenada,GRD,1910,67
Grenada,GRD,1920,66
Grenada,GRD,1930,79
Grenada,GRD,1940,90
Grenada,GRD,1950,75.806
Grenada,GRD,1960,90.148
Grenada,GRD,1970,95.41
Grenada,GRD,1980,90.164
Grenada,GRD,1990,92.36
Grenada,GRD,2000,89.31200000000001
Guatemala,GTM,1750,315
Guatemala,GTM,1820,595
Guatemala,GTM,1840,706
Guatemala,GTM,1850,850
Guatemala,GTM,1870,1080
Guatemala,GTM,1880,1225
Guatemala,GTM,1890,1364
Guatemala,GTM,1900,1300
Guatemala,GTM,1910,1441
Guatemala,GTM,1920,1597
Guatemala,GTM,1930,1771
Guatemala,GTM,1940,2200
Guatemala,GTM,1950,2968.9759999999997
Guatemala,GTM,1960,4100
Guatemala,GTM,1970,5264
Guatemala,GTM,1980,6650
Guatemala,GTM,1990,8966
Guatemala,GTM,2000,11085
Guinea,GIN,1800,983.959
Guinea,GIN,1820,983.959
Guinea,GIN,1850,1028.67493824
Guinea,GIN,1860,1081.28151041
Guinea,GIN,1870,1147.93840031
Guinea,GIN,1880,1230.87312534
Guinea,GIN,1890,1319.79960796
Guinea,GIN,1900,1387.29433418
Guinea,GIN,1910,1487.52172801
Guinea,GIN,1920,1610.90021403
Guinea,GIN,1930,1906.68156891
Guinea,GIN,1940,2191.07739544
Guinea,GIN,1950,2619
Guinea,GIN,1960,3118
Guinea,GIN,1970,3643
Guinea,GIN,1980,4447
Guinea,GIN,1990,6118
Guinea,GIN,2000,8350
Guinea-Bissau,GNB,1800,218.167
Guinea-Bissau,GNB,1820,218.167
Guinea-Bissau,GNB,1850,210.50796747400003
Guinea-Bissau,GNB,1860,216.909147864
Guinea-Bissau,GNB,1870,225.743365945
Guinea-Bissau,GNB,1880,242.052572064
Guinea-Bissau,GNB,1890,259.54006399
Guinea-Bissau,GNB,1900,278.290968948
Guinea-Bissau,GNB,1910,298.39656432
Guinea-Bissau,GNB,1920,316.791576851
Guinea-Bissau,GNB,1930,367.64955796
Guinea-Bissau,GNB,1940,422.48724119699995
Guinea-Bissau,GNB,1950,505
Guinea-Bissau,GNB,1960,554
Guinea-Bissau,GNB,1970,620.02
Guinea-Bissau,GNB,1980,789.053
Guinea-Bissau,GNB,1990,995.9910000000001
Guinea-Bissau,GNB,2000,1279
Guyana,GUY,1800,166.03400000000002
Guyana,GUY,1820,166.03400000000002
Guyana,GUY,1840,98
Guyana,GUY,1850,128
Guyana,GUY,1860,148
Guyana,GUY,1870,193
Guyana,GUY,1880,252
Guyana,GUY,1890,278
Guyana,GUY,1900,306
Guyana,GUY,1910,304
Guyana,GUY,1920,304
Guyana,GUY,1930,311
Guyana,GUY,1940,347
Guyana,GUY,1950,427.971
Guyana,GUY,1960,571.0830000000001
Guyana,GUY,1970,714.811
Guyana,GUY,1980,759.352
Guyana,GUY,1990,750.903
Guyana,GUY,2000,755.171
Haiti,HTI,1650,30
Haiti,HTI,1700,50
Haiti,HTI,1750,190
Haiti,HTI,1800,500
Haiti,HTI,1820,723
Haiti,HTI,1850,938
Haiti,HTI,1870,1150
Haiti,HTI,1900,1560
Haiti,HTI,1910,1809
Haiti,HTI,1920,2124
Haiti,HTI,1930,2422
Haiti,HTI,1940,2751
Haiti,HTI,1950,3097.22
Haiti,HTI,1960,3679
Haiti,HTI,1970,4541
Haiti,HTI,1980,5200
Haiti,HTI,1990,6289
Haiti,HTI,2000,7639
Honduras,HND,1750,96
Honduras,HND,1800,130
Honduras,HND,1820,135
Honduras,HND,1850,350
Honduras,HND,1870,404
Honduras,HND,1880,307
Honduras,HND,1890,399
Honduras,HND,1900,500
Honduras,HND,1910,619
Honduras,HND,1920,720
Honduras,HND,1930,950
Honduras,HND,1940,1150
Honduras,HND,1950,1431.4470000000001
Honduras,HND,1960,1951.64
Honduras,HND,1970,2760.6659999999997
Honduras,HND,1980,3401.94
Honduras,HND,1990,4792.271
Honduras,HND,2000,6347.658
Hungary,HUN,1500,1250
Hungary,HUN,1600,1250
Hungary,HUN,1650,1250
Hungary,HUN,1700,1500
Hungary,HUN,1750,2000
Hungary,HUN,1800,3250
Hungary,HUN,1820,4146
Hungary,HUN,1850,5161
Hungary,HUN,1870,5917
Hungary,HUN,1890,6622
Hungary,HUN,1900,7127
Hungary,HUN,1910,7644
Hungary,HUN,1920,7950
Hungary,HUN,1930,8649
Hungary,HUN,1940,9287
Hungary,HUN,1950,9338
Hungary,HUN,1960,9983.511999999999
Hungary,HUN,1970,10337.004
Hungary,HUN,1980,10711.122
Hungary,HUN,1990,10371.878
Hungary,HUN,2000,10137.449
Iceland,ISL,1750,46
Iceland,ISL,1800,61.428000000000004
Iceland,ISL,1820,61.428000000000004
Iceland,ISL,1840,57
Iceland,ISL,1850,59
Iceland,ISL,1860,67
Iceland,ISL,1870,70
Iceland,ISL,1880,72
Iceland,ISL,1890,71
Iceland,ISL,1900,78
Iceland,ISL,1910,88
Iceland,ISL,1920,98
Iceland,ISL,1930,109
Iceland,ISL,1940,121
Iceland,ISL,1950,142.938
Iceland,ISL,1960,175.86
Iceland,ISL,1970,204.104
Iceland,ISL,1980,228.16099999999997
Iceland,ISL,1990,254.71900000000002
Iceland,ISL,2000,281.043
India,IND,1500,110000
India,IND,1600,135000
India,IND,1700,165000
India,IND,1820,209000.013266
India,IND,1830,217576.583858
India,IND,1840,226505.10449
India,IND,1850,235800.01786199998
India,IND,1860,244248.661146
India,IND,1870,253000.01676199998
India,IND,1880,257200
India,IND,1890,279626
India,IND,1900,284500
India,IND,1910,302100
India,IND,1920,305600
India,IND,1930,336400
India,IND,1940,386800
India,IND,1950,359000
India,IND,1960,434000
India,IND,1970,541000
India,IND,1980,679000
India,IND,1990,839000
India,IND,2000,1004124
Iran,IRN,1500,4000
Iran,IRN,1600,5000
Iran,IRN,1700,5000
Iran,IRN,1800,6000
Iran,IRN,1820,6560
Iran,IRN,1850,7500
Iran,IRN,1870,8415
Iran,IRN,1890,9000
Iran,IRN,1900,10000
Iran,IRN,1910,10994
Iran,IRN,1920,9000
Iran,IRN,1930,12590
Iran,IRN,1940,15000
Iran,IRN,1950,16357
Iran,IRN,1960,21548
Iran,IRN,1970,28854
Iran,IRN,1980,39422
Iran,IRN,1990,56669
Iran,IRN,2000,63273
Iraq,IRQ,1500,1000
Iraq,IRQ,1600,1250
Iraq,IRQ,1700,1000
Iraq,IRQ,1800,1000
Iraq,IRQ,1820,1093
Iraq,IRQ,1850,1250
Iraq,IRQ,1860,1290
Iraq,IRQ,1870,1580
Iraq,IRQ,1890,1726
Iraq,IRQ,1900,2250
Iraq,IRQ,1910,2613
Iraq,IRQ,1920,3161
Iraq,IRQ,1930,3605
Iraq,IRQ,1940,3700
Iraq,IRQ,1950,5163.443
Iraq,IRQ,1960,6822.03
Iraq,IRQ,1970,9413.671
Iraq,IRQ,1980,13232.839
Iraq,IRQ,1990,18134.702
Iraq,IRQ,2000,22675.617000000002
Ireland,IRL,1500,800
Ireland,IRL,1600,1000
Ireland,IRL,1650,1750
Ireland,IRL,1700,1925
Ireland,IRL,1750,3000
Ireland,IRL,1800,5250
Ireland,IRL,1820,7101
Ireland,IRL,1830,7827
Ireland,IRL,1840,8349
Ireland,IRL,1850,6878
Ireland,IRL,1860,5821
Ireland,IRL,1870,5419
Ireland,IRL,1880,5203
Ireland,IRL,1890,4718
Ireland,IRL,1900,4469
Ireland,IRL,1910,4385
Ireland,IRL,1920,4361
Ireland,IRL,1930,2927
Ireland,IRL,1940,2958
Ireland,IRL,1950,2963.018
Ireland,IRL,1960,2832
Ireland,IRL,1970,2950.1
Ireland,IRL,1980,3401
Ireland,IRL,1990,3508.2
Ireland,IRL,2000,3791.69
Israel,ISR,1800,209.954
Israel,ISR,1850,209.954
Israel,ISR,1860,227.862
Israel,ISR,1870,272.23
Israel,ISR,1880,282.159
Israel,ISR,1890,318.717
Israel,ISR,1900,362.22
Israel,ISR,1910,415.745
Israel,ISR,1920,455.836
Israel,ISR,1930,588.805
Israel,ISR,1940,889.8660000000001
Israel,ISR,1950,1286.131
Israel,ISR,1960,2141.495
Israel,ISR,1970,2903.434
Israel,ISR,1980,3737.473
Israel,ISR,1990,4478
Israel,ISR,2000,6115
Italy,ITA,1500,10500
Italy,ITA,1600,13100
Italy,ITA,1650,11000
Italy,ITA,1700,13300
Italy,ITA,1750,15000
Italy,ITA,1800,19000
Italy,ITA,1820,20176
Italy,ITA,1830,21513
Italy,ITA,1840,22939
Italy,ITA,1850,24460
Italy,ITA,1860,26081
Italy,ITA,1870,27888
Italy,ITA,1880,29534
Italy,ITA,1890,31702
Italy,ITA,1900,33672
Italy,ITA,1910,36572
Italy,ITA,1920,37398
Italy,ITA,1930,40791
Italy,ITA,1940,44341
Italy,ITA,1950,47105
Italy,ITA,1960,50197.6
Italy,ITA,1970,53661.1
Italy,ITA,1980,56451.247
Italy,ITA,1990,56742.886
Italy,ITA,2000,57719.337
Jamaica,JAM,1700,50
Jamaica,JAM,1750,170
Jamaica,JAM,1800,300
Jamaica,JAM,1820,401
Jamaica,JAM,1840,377
Jamaica,JAM,1850,399
Jamaica,JAM,1860,441
Jamaica,JAM,1870,499
Jamaica,JAM,1880,581
Jamaica,JAM,1890,639
Jamaica,JAM,1900,720
Jamaica,JAM,1910,808
Jamaica,JAM,1920,855
Jamaica,JAM,1930,1009
Jamaica,JAM,1940,1212
Jamaica,JAM,1950,1384.55
Jamaica,JAM,1960,1631.7839999999999
Jamaica,JAM,1970,1943.787
Jamaica,JAM,1980,2228.803
Jamaica,JAM,1990,2347.922
Jamaica,JAM,2000,2615.467
Japan,JPN,1500,15400
Japan,JPN,1600,18500
Japan,JPN,1650,25000
Japan,JPN,1700,27000
Japan,JPN,1750,29000
Japan,JPN,1800,28000
Japan,JPN,1820,31000
Japan,JPN,1830,31329.811988
Japan,JPN,1840,31663.1328774
Japan,JPN,1850,32000
Japan,JPN,1860,33196.1443544
Japan,JPN,1870,34437
Japan,JPN,1880,36807
Japan,JPN,1890,40077
Japan,JPN,1900,44103
Japan,JPN,1910,49518
Japan,JPN,1920,55818
Japan,JPN,1930,64203
Japan,JPN,1940,72967
Japan,JPN,1950,83805
Japan,JPN,1960,94091.638
Japan,JPN,1970,104344.97300000001
Japan,JPN,1980,116807.30900000001
Japan,JPN,1990,123537.399
Japan,JPN,2000,126179
Jordan,JOR,1500,200
Jordan,JOR,1600,200
Jordan,JOR,1700,200
Jordan,JOR,1800,200
Jordan,JOR,1820,217
Jordan,JOR,1850,300
Jordan,JOR,1870,266
Jordan,JOR,1900,300
Jordan,JOR,1910,348
Jordan,JOR,1920,240
Jordan,JOR,1930,300
Jordan,JOR,1940,300
Jordan,JOR,1950,561.254
Jordan,JOR,1960,848.515
Jordan,JOR,1970,1502.9589999999998
Jordan,JOR,1980,2162.8070000000002
Jordan,JOR,1990,3262.054
Jordan,JOR,2000,4998.564
Kazakhstan,KAZ,1800,2041.2820000000002
Kazakhstan,KAZ,1820,2041.2820000000002
Kazakhstan,KAZ,1950,6693.23
Kazakhstan,KAZ,1960,9982.014000000001
Kazakhstan,KAZ,1970,13106.377
Kazakhstan,KAZ,1980,14966.718
Kazakhstan,KAZ,1990,16398.131
Kazakhstan,KAZ,2000,15032.14
Kenya,KEN,1500,1500
Kenya,KEN,1700,2000
Kenya,KEN,1800,2574
Kenya,KEN,1850,3352.89852523
Kenya,KEN,1860,3559.59195861
Kenya,KEN,1870,3779.02725551
Kenya,KEN,1880,4052.04938478
Kenya,KEN,1890,4344.79645331
Kenya,KEN,1900,4132.37992155
Kenya,KEN,1910,3813.44040919
Kenya,KEN,1920,3737.85437216
Kenya,KEN,1930,4424.17101727
Kenya,KEN,1940,5084.06923714
Kenya,KEN,1950,6077
Kenya,KEN,1960,8115
Kenya,KEN,1970,11247.181999999999
Kenya,KEN,1980,16331.401000000002
Kenya,KEN,1990,23354
Kenya,KEN,2000,30508
Kiribati,KIR,1800,17.875999999999998
Kiribati,KIR,1820,17.875999999999998
Kiribati,KIR,1950,33.448
Kiribati,KIR,1960,40.732
Kiribati,KIR,1970,48.898999999999994
Kiribati,KIR,1980,57.536
Kiribati,KIR,1990,71.34100000000001
Kiribati,KIR,2000,91.985
Kuwait,KWT,1800,81.28
Kuwait,KWT,1820,81.28
Kuwait,KWT,1870,81.28
Kuwait,KWT,1910,103.226
Kuwait,KWT,1950,144.774
Kuwait,KWT,1960,292.22900000000004
Kuwait,KWT,1970,747.502
Kuwait,KWT,1980,1369.769
Kuwait,KWT,1990,2142.011
Kuwait,KWT,2000,1973.5720000000001
Kyrgyzstan,KGZ,1800,530.3430000000001
Kyrgyzstan,KGZ,1820,530.3430000000001
Kyrgyzstan,KGZ,1950,1738.961
Kyrgyzstan,KGZ,1960,2171.285
Kyrgyzstan,KGZ,1970,2963.792
Kyrgyzstan,KGZ,1980,3622.728
Kyrgyzstan,KGZ,1990,4382.486
Kyrgyzstan,KGZ,2000,4851.054
Laos,LAO,1500,400
Laos,LAO,1800,470
Laos,LAO,1820,470
Laos,LAO,1870,755
Laos,LAO,1900,1500
Laos,LAO,1910,1387
Laos,LAO,1930,944
Laos,LAO,1940,1012
Laos,LAO,1950,1885.984
Laos,LAO,1960,2309.365
Laos,LAO,1970,2844.8509999999997
Laos,LAO,1980,3293.159
Laos,LAO,1990,4210.452
Laos,LAO,2000,5497.733
Latvia,LVA,1800,590.5880000000001
Latvia,LVA,1820,590.5880000000001
Latvia,LVA,1910,2552
Latvia,LVA,1920,1845
Latvia,LVA,1930,1900
Latvia,LVA,1940,1951
Latvia,LVA,1950,1936.4979999999998
Latvia,LVA,1960,2115.183
Latvia,LVA,1970,2361.159
Latvia,LVA,1980,2524.5429999999997
Latvia,LVA,1990,2663.59
Latvia,LVA,2000,2376.178
Lebanon,LBN,1500,250
Lebanon,LBN,1600,300
Lebanon,LBN,1700,300
Lebanon,LBN,1800,300
Lebanon,LBN,1820,332
Lebanon,LBN,1870,476
Lebanon,LBN,1900,500
Lebanon,LBN,1910,649
Lebanon,LBN,1950,1364.03
Lebanon,LBN,1960,1786.235
Lebanon,LBN,1970,2383.029
Lebanon,LBN,1980,3087
Lebanon,LBN,1990,3150
Lebanon,LBN,2000,3581
Lesotho,LSO,1800,276.361
Lesotho,LSO,1820,276.361
Lesotho,LSO,1850,177.88035966299998
Lesotho,LSO,1860,196.687179654
Lesotho,LSO,1870,217.482394985
Lesotho,LSO,1880,240.47623343599997
Lesotho,LSO,1890,265.901149615
Lesotho,LSO,1900,294.01417494
Lesotho,LSO,1910,346.108447851
Lesotho,LSO,1920,403.67054113800003
Lesotho,LSO,1930,496.998997104
Lesotho,LSO,1940,606.9360532630001
Lesotho,LSO,1950,734
Lesotho,LSO,1960,849.074
Lesotho,LSO,1970,1067.136
Lesotho,LSO,1980,1345
Lesotho,LSO,1990,1721
Lesotho,LSO,2000,2068
Liberia,LBR,1800,313.543
Liberia,LBR,1820,313.54
Liberia,LBR,1850,330.07330755
Liberia,LBR,1860,346.953300081
Liberia,LBR,1870,368.341650572
Liberia,LBR,1880,394.95310768400003
Liberia,LBR,1890,423.487153916
Liberia,LBR,1900,454.082689927
Liberia,LBR,1910,486.88865148400004
Liberia,LBR,1920,516.903483813
Liberia,LBR,1930,599.887595562
Liberia,LBR,1940,689.3653202910001
Liberia,LBR,1950,824
Liberia,LBR,1960,1052
Liberia,LBR,1970,1396.565
Liberia,LBR,1980,1848.979
Liberia,LBR,1990,2116.666
Liberia,LBR,2000,2695
Libya,LBY,1850,267.870173266
Libya,LBY,1860,296.191378255
Libya,LBY,1870,327.50690934700003
Libya,LBY,1880,362.133348722
Libya,LBY,1890,414.694158015
Libya,LBY,1900,479.592313615
Libya,LBY,1910,551.331342801
Libya,LBY,1920,619.241044984
Libya,LBY,1930,691.8367884319999
Libya,LBY,1940,792.33006885
Libya,LBY,1950,1029
Libya,LBY,1960,1349
Libya,LBY,1970,1999.162
Libya,LBY,1980,3065.365
Libya,LBY,1990,4139.825
Libya,LBY,2000,5115.45
Liechtenstein,LIE,1800,5.8020000000000005
Liechtenstein,LIE,1820,5.8020000000000005
Liechtenstein,LIE,1910,11
Liechtenstein,LIE,1920,12
Liechtenstein,LIE,1930,12
Liechtenstein,LIE,1950,13.5
Liechtenstein,LIE,1960,16.426
Liechtenstein,LIE,1970,21.103
Liechtenstein,LIE,1980,25.074
Liechtenstein,LIE,1990,28.796
Liechtenstein,LIE,2000,32.204
Lithuania,LTU,1800,778.655
Lithuania,LTU,1820,778.655
Lithuania,LTU,1910,2916
Lithuania,LTU,1920,2230
Lithuania,LTU,1930,2422
Lithuania,LTU,1940,2442
Lithuania,LTU,1950,2553.159
Lithuania,LTU,1960,2764.864
Lithuania,LTU,1970,3137.562
Lithuania,LTU,1980,3435.289
Lithuania,LTU,1990,3694.836
Lithuania,LTU,2000,3654.387
Luxembourg,LUX,1800,127.03
Luxembourg,LUX,1820,127.03
Luxembourg,LUX,1830,170
Luxembourg,LUX,1840,180
Luxembourg,LUX,1850,193
Luxembourg,LUX,1860,203
Luxembourg,LUX,1870,198
Luxembourg,LUX,1880,210
Luxembourg,LUX,1890,211
Luxembourg,LUX,1900,236
Luxembourg,LUX,1910,260
Luxembourg,LUX,1920,269
Luxembourg,LUX,1930,300
Luxembourg,LUX,1940,301
Luxembourg,LUX,1950,295.587
Luxembourg,LUX,1960,313.969
Luxembourg,LUX,1970,339.17400000000004
Luxembourg,LUX,1980,364.4
Luxembourg,LUX,1990,382.966
Luxembourg,LUX,2000,438.777
Madagascar,MDG,1500,700
Madagascar,MDG,1600,800
Madagascar,MDG,1700,1000
Madagascar,MDG,1800,1500
Madagascar,MDG,1820,1683
Madagascar,MDG,1850,2631.16996232
Madagascar,MDG,1860,2711.17925494
Madagascar,MDG,1870,2793.62149069
Madagascar,MDG,1880,2907.39936371
Madagascar,MDG,1890,3025.81115168
Madagascar,MDG,1900,2820.55325517
Madagascar,MDG,1910,2709.74041237
Madagascar,MDG,1920,2656.03076512
Madagascar,MDG,1930,3082.43213545
Madagascar,MDG,1940,3542.19995887
Madagascar,MDG,1950,4234
Madagascar,MDG,1960,5371
Madagascar,MDG,1970,6765.644
Madagascar,MDG,1980,8691
Madagascar,MDG,1990,11633
Madagascar,MDG,2000,15742
Malawi,MWI,1800,737
Malawi,MWI,1850,2154.26625429
Malawi,MWI,1860,2143.8112859000003
Malawi,MWI,1870,2122.46938774
Malawi,MWI,1880,2090.55594938
Malawi,MWI,1890,2121.88584567
Malawi,MWI,1900,2038.5219871
Malawi,MWI,1910,1881.1876614
Malawi,MWI,1920,1807.28026318
Malawi,MWI,1930,2097.42252769
Malawi,MWI,1940,2410.26879582
Malawi,MWI,1950,2881
Malawi,MWI,1960,3529
Malawi,MWI,1970,4508
Malawi,MWI,1980,6129.035
Malawi,MWI,1990,9536
Malawi,MWI,2000,11560
Malaysia,MYS,1800,287
Malaysia,MYS,1820,287
Malaysia,MYS,1850,530
Malaysia,MYS,1870,800
Malaysia,MYS,1890,1585
Malaysia,MYS,1900,2232
Malaysia,MYS,1910,2893
Malaysia,MYS,1920,3545
Malaysia,MYS,1930,4413
Malaysia,MYS,1940,5434
Malaysia,MYS,1950,6433.799
Malaysia,MYS,1960,8428.493
Malaysia,MYS,1970,10910.216
Malaysia,MYS,1980,13764.351999999999
Malaysia,MYS,1990,17507
Malaysia,MYS,2000,21804
Maldives,MDV,1800,42.378
Maldives,MDV,1820,42.378
Maldives,MDV,1910,72
Maldives,MDV,1920,70
Maldives,MDV,1930,79
Maldives,MDV,1940,86
Maldives,MDV,1950,79.293
Maldives,MDV,1960,92.24700000000001
Maldives,MDV,1970,114.572
Maldives,MDV,1980,153
Maldives,MDV,1990,217
Maldives,MDV,2000,300
Mali,MLI,1800,1403.398
Mali,MLI,1820,1403.398
Mali,MLI,1850,1502.53321391
Mali,MLI,1860,1532.85578165
Mali,MLI,1870,1563.79028803
Mali,MLI,1880,1627.47992295
Mali,MLI,1890,1693.76349237
Mali,MLI,1900,1780.38278101
Mali,MLI,1910,1986.20898081
Mali,MLI,1920,2150.94973879
Mali,MLI,1930,2471.77999108
Mali,MLI,1940,2812.5759959
Mali,MLI,1950,3329
Mali,MLI,1960,4015
Mali,MLI,1970,5546
Mali,MLI,1980,6758
Mali,MLI,1990,8085
Mali,MLI,2000,10049
Malta,MLT,1800,134.072
Malta,MLT,1820,134.072
Malta,MLT,1910,229
Malta,MLT,1920,225
Malta,MLT,1930,241
Malta,MLT,1940,270
Malta,MLT,1950,311.973
Malta,MLT,1960,328.517
Malta,MLT,1970,325.569
Malta,MLT,1980,364.001
Malta,MLT,1990,359.10699999999997
Malta,MLT,2000,389.94699999999995
Marshall Is.,,1800,5.827999999999999
Marshall Is.,,1820,5.827999999999999
Marshall Is.,,1930,73
Marshall Is.,,1950,10.904000000000002
Marshall Is.,,1960,15.12
Marshall Is.,,1970,21.714000000000002
Marshall Is.,,1980,30.680999999999997
Marshall Is.,,1990,45.83
Marshall Is.,,2000,53.06399999999999
Mauritania,MRT,1800,382.69599999999997
Mauritania,MRT,1820,382.69599999999997
Mauritania,MRT,1850,288.461253194
Mauritania,MRT,1860,300.209626389
Mauritania,MRT,1870,312.436484203
Mauritania,MRT,1880,328.414527259
Mauritania,MRT,1890,348.660032961
Mauritania,MRT,1900,373.84955877199997
Mauritania,MRT,1910,408.891925761
Mauritania,MRT,1920,434.098556794
Mauritania,MRT,1930,503.789097244
Mauritania,MRT,1940,578.9330117000001
Mauritania,MRT,1950,692
Mauritania,MRT,1960,892
Mauritania,MRT,1970,1289.42
Mauritania,MRT,1980,1545
Mauritania,MRT,1990,1925
Mauritania,MRT,2000,2501
Mauritius,MUS,1750,29.5
Mauritius,MUS,1800,59
Mauritius,MUS,1810,78
Mauritius,MUS,1820,88
Mauritius,MUS,1830,93
Mauritius,MUS,1840,115
Mauritius,MUS,1850,181
Mauritius,MUS,1860,320
Mauritius,MUS,1870,330
Mauritius,MUS,1880,360
Mauritius,MUS,1890,371
Mauritius,MUS,1900,371
Mauritius,MUS,1910,369
Mauritius,MUS,1920,376
Mauritius,MUS,1930,393
Mauritius,MUS,1940,419
Mauritius,MUS,1950,481.27
Mauritius,MUS,1960,663.2289999999999
Mauritius,MUS,1970,829.5110000000001
Mauritius,MUS,1980,963.701
Mauritius,MUS,1990,1062
Mauritius,MUS,2000,1186
Mexico,MEX,1500,7000
Mexico,MEX,1550,6587
Mexico,MEX,1600,2979
Mexico,MEX,1650,2249
Mexico,MEX,1700,2825
Mexico,MEX,1750,3777
Mexico,MEX,1800,5100
Mexico,MEX,1820,6587
Mexico,MEX,1830,6382
Mexico,MEX,1840,7044
Mexico,MEX,1850,7662
Mexico,MEX,1860,8816
Mexico,MEX,1870,9219
Mexico,MEX,1880,10399
Mexico,MEX,1890,11729
Mexico,MEX,1900,13607
Mexico,MEX,1910,15000
Mexico,MEX,1920,14900
Mexico,MEX,1930,17175
Mexico,MEX,1940,20393
Mexico,MEX,1950,28485.18
Mexico,MEX,1960,38578.505
Mexico,MEX,1970,52775.157999999996
Mexico,MEX,1980,68347.479
Mexico,MEX,1990,84913.65199999999
Mexico,MEX,2000,99926.62
Micronesia (country),FSM,1800,16.416
Micronesia (country),FSM,1820,16.416
Micronesia (country),FSM,1950,30.715
Micronesia (country),FSM,1960,41.777
Micronesia (country),FSM,1970,56.821999999999996
Micronesia (country),FSM,1980,77.08
Micronesia (country),FSM,1990,108.6
Micronesia (country),FSM,2000,107.75399999999999
Moldova,MDA,1800,712.558
Moldova,MDA,1820,712.558
Moldova,MDA,1950,2336.4320000000002
Moldova,MDA,1960,2998.9809999999998
Moldova,MDA,1970,3594.5170000000003
Moldova,MDA,1980,3996.278
Moldova,MDA,1990,4397.798
Moldova,MDA,2000,4430.654
Monaco,MCO,1800,7.789
Monaco,MCO,1820,7.789
Monaco,MCO,1910,23
Monaco,MCO,1920,22
Monaco,MCO,1930,25
Monaco,MCO,1940,24
Monaco,MCO,1950,18.125
Monaco,MCO,1960,20.756999999999998
Monaco,MCO,1970,23.752
Monaco,MCO,1980,26.551
Monaco,MCO,1990,29.971999999999998
Monaco,MCO,2000,31.693
Mongolia,MNG,1500,600
Mongolia,MNG,1800,600
Mongolia,MNG,1820,619
Mongolia,MNG,1870,668
Mongolia,MNG,1900,700
Mongolia,MNG,1910,725
Mongolia,MNG,1950,778.555
Mongolia,MNG,1960,954.6519999999999
Mongolia,MNG,1970,1247.6
Mongolia,MNG,1980,1662.38
Mongolia,MNG,1990,2218
Mongolia,MNG,2000,2664
Montenegro,MNE,1800,126.58200000000001
Montenegro,MNE,1820,126.58200000000001
Montenegro,MNE,1910,516
Montenegro,MNE,1950,395.587
Montenegro,MNE,1960,461.48699999999997
Montenegro,MNE,1970,514.472
Montenegro,MNE,1980,560
Montenegro,MNE,1990,583.202
Montenegro,MNE,2000,732.302
Morocco,MAR,1500,1500
Morocco,MAR,1600,2250
Morocco,MAR,1700,1750
Morocco,MAR,1800,2500
Morocco,MAR,1820,2689
Morocco,MAR,1850,2847.21601959
Morocco,MAR,1860,3148.24463937
Morocco,MAR,1870,3481.100219
Morocco,MAR,1880,3849.14773876
Morocco,MAR,1890,4256.10794943
Morocco,MAR,1900,4689.74564051
Morocco,MAR,1910,5512.13163459
Morocco,MAR,1920,5797.28104218
Morocco,MAR,1930,6472.4901905
Morocco,MAR,1940,7712.78250321
Morocco,MAR,1950,8953
Morocco,MAR,1960,11626
Morocco,MAR,1970,15909.275
Morocco,MAR,1980,19487.272
Morocco,MAR,1990,24735
Morocco,MAR,2000,30184
Mozambique,MOZ,1500,1000
Mozambique,MOZ,1600,1250
Mozambique,MOZ,1700,1500
Mozambique,MOZ,1800,2000
Mozambique,MOZ,1820,2096
Mozambique,MOZ,1850,4752.37177589
Mozambique,MOZ,1860,4752.37177589
Mozambique,MOZ,1870,4705.06134557
Mozambique,MOZ,1880,4611.80252862
Mozambique,MOZ,1890,4658.12839403
Mozambique,MOZ,1900,4475.12182124
Mozambique,MOZ,1910,4129.72928752
Mozambique,MOZ,1920,3967.48202573
Mozambique,MOZ,1930,4604.42486342
Mozambique,MOZ,1940,5291.20929355
Mozambique,MOZ,1950,6324.595
Mozambique,MOZ,1960,7528.595
Mozambique,MOZ,1970,9304.375
Mozambique,MOZ,1980,12102.618999999999
Mozambique,MOZ,1990,12667
Mozambique,MOZ,2000,18125
Myanmar,MMR,1500,4000
Myanmar,MMR,1600,4500
Myanmar,MMR,1700,5000
Myanmar,MMR,1800,6000
Myanmar,MMR,1820,3506
Myanmar,MMR,1850,3932
Myanmar,MMR,1870,4245
Myanmar,MMR,1880,3737
Myanmar,MMR,1890,7489
Myanmar,MMR,1900,10174
Myanmar,MMR,1910,11942
Myanmar,MMR,1920,13096
Myanmar,MMR,1930,14515
Myanmar,MMR,1940,16594
Myanmar,MMR,1950,19487.657
Myanmar,MMR,1960,22839
Myanmar,MMR,1970,27393
Myanmar,MMR,1980,33373.316
Myanmar,MMR,1990,39243
Myanmar,MMR,2000,44301
Namibia,NAM,1800,229
Namibia,NAM,1850,117.536749914
Namibia,NAM,1860,129.963599635
Namibia,NAM,1870,143.704307313
Namibia,NAM,1880,158.897783673
Namibia,NAM,1890,175.69762610799998
Namibia,NAM,1900,194.273671452
Namibia,NAM,1910,228.695636523
Namibia,NAM,1920,266.730534676
Namibia,NAM,1930,328.39845553099997
Namibia,NAM,1940,401.04085263300004
Namibia,NAM,1950,485
Namibia,NAM,1960,599
Namibia,NAM,1970,764.683
Namibia,NAM,1980,1058.021
Namibia,NAM,1990,1471.3139999999999
Namibia,NAM,2000,1893
Nauru,NRU,1800,1.834
Nauru,NRU,1820,1.834
Nauru,NRU,1920,2
Nauru,NRU,1930,3
Nauru,NRU,1940,3
Nauru,NRU,1950,3.432
Nauru,NRU,1960,4.475
Nauru,NRU,1970,6.7
Nauru,NRU,1980,7.71
Nauru,NRU,1990,9.488
Nauru,NRU,2000,11.845
Nepal,NPL,1500,2000
Nepal,NPL,1600,2500
Nepal,NPL,1700,3000
Nepal,NPL,1750,3500
Nepal,NPL,1800,4000
Nepal,NPL,1820,3881
Nepal,NPL,1850,4352
Nepal,NPL,1870,4698
Nepal,NPL,1890,5192
Nepal,NPL,1900,5283
Nepal,NPL,1910,5639
Nepal,NPL,1930,5600
Nepal,NPL,1940,5600
Nepal,NPL,1950,8989.915
Nepal,NPL,1960,10034.723
Nepal,NPL,1970,11918.678
Nepal,NPL,1980,14665
Nepal,NPL,1990,18918
Nepal,NPL,2000,24818
Netherlands,NLD,1500,950
Netherlands,NLD,1600,1500
Netherlands,NLD,1650,2000
Netherlands,NLD,1700,1900
Netherlands,NLD,1750,2000
Netherlands,NLD,1800,2000
Netherlands,NLD,1810,2047
Netherlands,NLD,1820,2333
Netherlands,NLD,1830,2633
Netherlands,NLD,1840,2886
Netherlands,NLD,1850,3098
Netherlands,NLD,1860,3318
Netherlands,NLD,1870,3610
Netherlands,NLD,1880,4043
Netherlands,NLD,1890,4535
Netherlands,NLD,1900,5142
Netherlands,NLD,1910,5922
Netherlands,NLD,1920,6848
Netherlands,NLD,1930,7884
Netherlands,NLD,1940,8879
Netherlands,NLD,1950,10113.527
Netherlands,NLD,1960,11486
Netherlands,NLD,1970,13032.335
Netherlands,NLD,1980,14143.901000000002
Netherlands,NLD,1990,14951.51
Netherlands,NLD,2000,15907.853000000001
New Zealand,NZL,1500,100
New Zealand,NZL,1600,100
New Zealand,NZL,1700,100
New Zealand,NZL,1800,200
New Zealand,NZL,1820,100
New Zealand,NZL,1830,100
New Zealand,NZL,1840,70
New Zealand,NZL,1850,90
New Zealand,NZL,1860,132
New Zealand,NZL,1870,291
New Zealand,NZL,1880,520
New Zealand,NZL,1890,665
New Zealand,NZL,1900,807
New Zealand,NZL,1910,1045
New Zealand,NZL,1920,1241
New Zealand,NZL,1930,1493
New Zealand,NZL,1940,1636
New Zealand,NZL,1950,1908.31
New Zealand,NZL,1960,2371.746
New Zealand,NZL,1970,2828.05
New Zealand,NZL,1980,3170.15
New Zealand,NZL,1990,3414
New Zealand,NZL,2000,3802
Nicaragua,NIC,1500,12
Nicaragua,NIC,1550,36
Nicaragua,NIC,1600,50
Nicaragua,NIC,1650,69
Nicaragua,NIC,1700,93
Nicaragua,NIC,1750,114
Nicaragua,NIC,1800,186
Nicaragua,NIC,1820,186
Nicaragua,NIC,1850,300
Nicaragua,NIC,1870,337
Nicaragua,NIC,1900,478
Nicaragua,NIC,1910,553
Nicaragua,NIC,1920,640
Nicaragua,NIC,1930,680
Nicaragua,NIC,1940,830
Nicaragua,NIC,1950,1097.9160000000002
Nicaragua,NIC,1960,1492.6979999999999
Nicaragua,NIC,1970,2052.544
Nicaragua,NIC,1980,2805.321
Nicaragua,NIC,1990,3685
Nicaragua,NIC,2000,4935
Niger,NER,1850,996.553753994
Niger,NER,1860,1016.6651688
Niger,NER,1870,1047.58018461
Niger,NER,1880,1090.24575173
Niger,NER,1890,1134.64899072
Niger,NER,1900,1180.86067302
Niger,NER,1910,1317.37741953
Niger,NER,1920,1426.64374384
Niger,NER,1930,1639.43833593
Niger,NER,1940,1865.47545778
Niger,NER,1950,2208
Niger,NER,1960,3053
Niger,NER,1970,4840.501
Niger,NER,1980,6093
Niger,NER,1990,7842
Niger,NER,2000,10951
Nigeria,NGA,1800,12100.855
Nigeria,NGA,1820,12100.855
Nigeria,NGA,1850,13539.370934
Nigeria,NGA,1860,14067.4550335
Nigeria,NGA,1870,14678.416674
Nigeria,NGA,1880,15475.395680599999
Nigeria,NGA,1890,16484.8663865
Nigeria,NGA,1900,17429.1617229
Nigeria,NGA,1910,19083.332081
Nigeria,NGA,1920,20911.3816968
Nigeria,NGA,1930,24494.375174700002
Nigeria,NGA,1940,28411.221210000003
Nigeria,NGA,1950,33960
Nigeria,NGA,1960,42356
Nigeria,NGA,1970,55586
Nigeria,NGA,1980,74821
Nigeria,NGA,1990,96604
Nigeria,NGA,2000,123179
North Korea,PRK,1800,4345
North Korea,PRK,1820,4345
North Korea,PRK,1870,4511
North Korea,PRK,1910,4897
North Korea,PRK,1950,9471.14
North Korea,PRK,1960,10391.909
North Korea,PRK,1970,13911.902
North Korea,PRK,1980,17113.626
North Korea,PRK,1990,20018.546000000002
North Korea,PRK,2000,21263
North Macedonia,MKD,1800,391.865
North Macedonia,MKD,1820,391.865
North Macedonia,MKD,1950,1224.627
North Macedonia,MKD,1960,1366.1979999999999
North Macedonia,MKD,1970,1574.4070000000002
North Macedonia,MKD,1980,1792
North Macedonia,MKD,1990,1861.361
North Macedonia,MKD,2000,2014.5120000000002
Norway,NOR,1500,300
Norway,NOR,1600,400
Norway,NOR,1700,500
Norway,NOR,1750,724
Norway,NOR,1800,900
Norway,NOR,1810,885
Norway,NOR,1820,970
Norway,NOR,1830,1124
Norway,NOR,1840,1241
Norway,NOR,1850,1392
Norway,NOR,1860,1596
Norway,NOR,1870,1735
Norway,NOR,1880,1919
Norway,NOR,1890,1997
Norway,NOR,1900,2230
Norway,NOR,1910,2384
Norway,NOR,1920,2635
Norway,NOR,1930,2807
Norway,NOR,1940,2973
Norway,NOR,1950,3265.1259999999997
Norway,NOR,1960,3581.239
Norway,NOR,1970,3877.386
Norway,NOR,1980,4085.62
Norway,NOR,1990,4242.005999999999
Norway,NOR,2000,4492.4
Oman,OMN,1500,200
Oman,OMN,1800,300
Oman,OMN,1820,318
Oman,OMN,1870,367
Oman,OMN,1900,400
Oman,OMN,1910,444
Oman,OMN,1950,488.588
Oman,OMN,1960,599.2919999999999
Oman,OMN,1970,778.5360000000001
Oman,OMN,1980,1174.857
Oman,OMN,1990,1772.974
Oman,OMN,2000,2534
Pakistan,PAK,1600,8817.631
Pakistan,PAK,1700,10777.105
Pakistan,PAK,1820,13651
Pakistan,PAK,1870,16090
Pakistan,PAK,1910,20008
Pakistan,PAK,1920,22812
Pakistan,PAK,1950,39448.232
Pakistan,PAK,1960,50386.898
Pakistan,PAK,1970,65705.964
Pakistan,PAK,1980,85219.117
Pakistan,PAK,1990,114607
Pakistan,PAK,2000,146405
Palau,PLW,1800,3.875
Palau,PLW,1820,3.875
Palau,PLW,1950,7.251
Palau,PLW,1960,9.482000000000001
Palau,PLW,1970,12.005
Palau,PLW,1980,13.311
Palau,PLW,1990,15.207
Palau,PLW,2000,18.766
Panama,PAN,1500,29.6
Panama,PAN,1550,12.4
Panama,PAN,1600,20
Panama,PAN,1650,22.3
Panama,PAN,1700,34.2
Panama,PAN,1750,42.2
Panama,PAN,1800,75.6
Panama,PAN,1850,108.6
Panama,PAN,1870,176
Panama,PAN,1900,263
Panama,PAN,1910,326
Panama,PAN,1920,487
Panama,PAN,1930,515
Panama,PAN,1940,697
Panama,PAN,1950,892.502
Panama,PAN,1960,1147.61
Panama,PAN,1970,1531.0379999999998
Panama,PAN,1980,1960
Panama,PAN,1990,2393
Panama,PAN,2000,2900
Papua New Guinea,PNG,1800,754.8939999999999
Papua New Guinea,PNG,1820,754.8939999999999
Papua New Guinea,PNG,1910,781
Papua New Guinea,PNG,1920,483
Papua New Guinea,PNG,1930,520
Papua New Guinea,PNG,1950,1412.4660000000001
Papua New Guinea,PNG,1960,1746.986
Papua New Guinea,PNG,1970,2288.056
Papua New Guinea,PNG,1980,2991.217
Papua New Guinea,PNG,1990,3824.7870000000003
Papua New Guinea,PNG,2000,4934
Paraguay,PRY,1500,200
Paraguay,PRY,1550,200
Paraguay,PRY,1600,200
Paraguay,PRY,1650,200
Paraguay,PRY,1700,200
Paraguay,PRY,1750,200
Paraguay,PRY,1800,300
Paraguay,PRY,1820,143
Paraguay,PRY,1850,350
Paraguay,PRY,1870,384
Paraguay,PRY,1880,264
Paraguay,PRY,1890,644
Paraguay,PRY,1900,440
Paraguay,PRY,1910,554
Paraguay,PRY,1920,699
Paraguay,PRY,1930,880
Paraguay,PRY,1940,1111
Paraguay,PRY,1950,1475.6689999999999
Paraguay,PRY,1960,1909.5379999999998
Paraguay,PRY,1970,2476.785
Paraguay,PRY,1980,3196
Paraguay,PRY,1990,4244
Paraguay,PRY,2000,5592
Peru,PER,1500,2500
Peru,PER,1550,1291
Peru,PER,1600,920
Peru,PER,1650,914
Peru,PER,1700,654
Peru,PER,1750,773
Peru,PER,1800,1271
Peru,PER,1820,1317
Peru,PER,1830,1374
Peru,PER,1850,3375
Peru,PER,1860,2488
Peru,PER,1870,2606
Peru,PER,1890,3346
Peru,PER,1900,3648
Peru,PER,1910,4137
Peru,PER,1920,4690
Peru,PER,1930,5480
Peru,PER,1940,6440
Peru,PER,1950,7632.5
Peru,PER,1960,9931
Peru,PER,1970,13192.8
Peru,PER,1980,17295.298
Peru,PER,1990,21600
Peru,PER,2000,26087
Philippines,PHL,1500,500
Philippines,PHL,1600,800
Philippines,PHL,1700,1250
Philippines,PHL,1800,2500
Philippines,PHL,1810,1933
Philippines,PHL,1820,2176
Philippines,PHL,1840,3096
Philippines,PHL,1850,3612
Philippines,PHL,1870,5063
Philippines,PHL,1880,5985
Philippines,PHL,1890,6476
Philippines,PHL,1900,7324
Philippines,PHL,1910,8861
Philippines,PHL,1920,10725
Philippines,PHL,1930,13194
Philippines,PHL,1940,16585
Philippines,PHL,1950,21131.264
Philippines,PHL,1960,28528.939
Philippines,PHL,1970,38603.696
Philippines,PHL,1980,50940.182
Philippines,PHL,1990,65088
Philippines,PHL,2000,81222
Poland,POL,1500,4000
Poland,POL,1600,5000
Poland,POL,1650,5500
Poland,POL,1700,6000
Poland,POL,1750,7000
Poland,POL,1800,9000
Poland,POL,1820,10426
Poland,POL,1850,13000
Poland,POL,1870,16865
Poland,POL,1890,22854
Poland,POL,1900,24750
Poland,POL,1910,26644
Poland,POL,1920,23968
Poland,POL,1930,28204
Poland,POL,1940,30021
Poland,POL,1950,24824
Poland,POL,1960,29589.842
Poland,POL,1970,32526
Poland,POL,1980,35578.016
Poland,POL,1990,38119.407999999996
Poland,POL,2000,38654.164
Portugal,PRT,1500,1000
Portugal,PRT,1600,1100
Portugal,PRT,1650,1750
Portugal,PRT,1700,2000
Portugal,PRT,1750,2250
Portugal,PRT,1800,2750
Portugal,PRT,1820,3297
Portugal,PRT,1830,3491
Portugal,PRT,1840,3704
Portugal,PRT,1850,3816
Portugal,PRT,1860,4000
Portugal,PRT,1870,4327
Portugal,PRT,1880,4610
Portugal,PRT,1890,5028
Portugal,PRT,1900,5404
Portugal,PRT,1910,5884
Portugal,PRT,1920,6029
Portugal,PRT,1930,6784
Portugal,PRT,1940,7675
Portugal,PRT,1950,8442.75
Portugal,PRT,1960,9036.7
Portugal,PRT,1970,9044.2
Portugal,PRT,1980,9777.8
Portugal,PRT,1990,9922.689
Portugal,PRT,2000,10335.597
Qatar,QAT,1800,14.092
Qatar,QAT,1820,14.092
Qatar,QAT,1870,14.092
Qatar,QAT,1910,17.897000000000002
Qatar,QAT,1950,25.101
Qatar,QAT,1960,46
Qatar,QAT,1970,115
Qatar,QAT,1980,237
Qatar,QAT,1990,446
Qatar,QAT,2000,627
Romania,ROU,1500,2000
Romania,ROU,1600,2000
Romania,ROU,1650,2250
Romania,ROU,1700,2500
Romania,ROU,1750,3500
Romania,ROU,1800,5500
Romania,ROU,1820,6389
Romania,ROU,1850,8000
Romania,ROU,1870,9179
Romania,ROU,1890,10373
Romania,ROU,1900,11000
Romania,ROU,1910,11866
Romania,ROU,1920,12340
Romania,ROU,1930,14141
Romania,ROU,1940,15907
Romania,ROU,1950,16311
Romania,ROU,1960,18403.414
Romania,ROU,1970,20252.541
Romania,ROU,1980,22130.036
Romania,ROU,1990,22865.945
Romania,ROU,2000,22451.921000000002
Russia,RUS,1950,101936.81599999999
Russia,RUS,1960,119631.633
Russia,RUS,1970,130245.476
Russia,RUS,1980,139038.84900000002
Russia,RUS,1990,147973
Russia,RUS,2000,146710
Rwanda,RWA,1800,928.368
Rwanda,RWA,1820,928.368
Rwanda,RWA,1850,1514.97175136
Rwanda,RWA,1860,1530.18982472
Rwanda,RWA,1870,1545.56076545
Rwanda,RWA,1880,1561.08610913
Rwanda,RWA,1890,1624.66560897
Rwanda,RWA,1900,1529.77595839
Rwanda,RWA,1910,1411.70695034
Rwanda,RWA,1920,1356.24433496
Rwanda,RWA,1930,1573.97691942
Rwanda,RWA,1940,1808.74735736
Rwanda,RWA,1950,2162
Rwanda,RWA,1960,2887
Rwanda,RWA,1970,3769.171
Rwanda,RWA,1980,5138
Rwanda,RWA,1990,6982
Rwanda,RWA,2000,8278
Samoa,WSM,1700,43
Samoa,WSM,1800,47.3
Samoa,WSM,1850,46.898999999999994
Samoa,WSM,1900,33
Samoa,WSM,1910,38
Samoa,WSM,1920,36
Samoa,WSM,1930,56
Samoa,WSM,1940,68
Samoa,WSM,1950,81.858
Samoa,WSM,1960,110.04299999999999
Samoa,WSM,1970,142.33100000000002
Samoa,WSM,1980,155.17700000000002
Samoa,WSM,1990,172
Samoa,WSM,2000,197
San Marino,SMR,1800,5.492000000000001
San Marino,SMR,1820,5.492000000000001
San Marino,SMR,1910,11
San Marino,SMR,1920,13
San Marino,SMR,1930,13
San Marino,SMR,1940,15
San Marino,SMR,1950,12.78
San Marino,SMR,1960,15.405999999999999
San Marino,SMR,1970,19.189
San Marino,SMR,1980,21.463
San Marino,SMR,1990,23.469
San Marino,SMR,2000,26.936999999999998
Sao Tome and Principe,STP,1800,22.730999999999998
Sao Tome and Principe,STP,1820,22.730999999999998
Sao Tome and Principe,STP,1900,40
Sao Tome and Principe,STP,1910,59
Sao Tome and Principe,STP,1920,56
Sao Tome and Principe,STP,1930,60
Sao Tome and Principe,STP,1940,61
Sao Tome and Principe,STP,1950,59.73
Sao Tome and Principe,STP,1960,63.403
Sao Tome and Principe,STP,1970,73.631
Sao Tome and Principe,STP,1980,94.071
Sao Tome and Principe,STP,1990,119.45299999999999
Sao Tome and Principe,STP,2000,159.88299999999998
Saudi Arabia,SAU,1500,2000
Saudi Arabia,SAU,1600,2250
Saudi Arabia,SAU,1700,2000
Saudi Arabia,SAU,1800,2000
Saudi Arabia,SAU,1820,2091
Saudi Arabia,SAU,1870,2338
Saudi Arabia,SAU,1900,2500
Saudi Arabia,SAU,1910,2676
Saudi Arabia,SAU,1950,3859.801
Saudi Arabia,SAU,1960,4718.3009999999995
Saudi Arabia,SAU,1970,6109.0509999999995
Saudi Arabia,SAU,1980,9999.161
Saudi Arabia,SAU,1990,16060.761
Saudi Arabia,SAU,2000,23147
Senegal,SEN,1800,1009.8860000000001
Senegal,SEN,1820,1009.8860000000001
Senegal,SEN,1850,931.646255677
Senegal,SEN,1860,989.0787016139999
Senegal,SEN,1870,1071.11517239
Senegal,SEN,1880,1194.94447911
Senegal,SEN,1890,1306.95125292
Senegal,SEN,1900,1401.3741267999999
Senegal,SEN,1910,1502.61873874
Senegal,SEN,1920,1595.24946521
Senegal,SEN,1930,1851.35213048
Senegal,SEN,1940,2127.49515716
Senegal,SEN,1950,2543
Senegal,SEN,1960,3277
Senegal,SEN,1970,4317.891
Senegal,SEN,1980,5787
Senegal,SEN,1990,8001
Senegal,SEN,2000,10678
Serbia,SRB,1800,2147.197
Serbia,SRB,1820,2147.197
Serbia,SRB,1880,1902
Serbia,SRB,1890,2162
Serbia,SRB,1900,2494
Serbia,SRB,1910,2912
Serbia,SRB,1950,6710.2609999999995
Serbia,SRB,1960,7470.936
Serbia,SRB,1970,8166.726
Serbia,SRB,1980,8955
Serbia,SRB,1990,9347.973
Serbia,SRB,2000,10117.908000000001
Seychelles,SYC,1800,12.522
Seychelles,SYC,1820,12.522
Seychelles,SYC,1890,16
Seychelles,SYC,1900,19
Seychelles,SYC,1910,23
Seychelles,SYC,1920,25
Seychelles,SYC,1930,27
Seychelles,SYC,1940,32
Seychelles,SYC,1950,32.903
Seychelles,SYC,1960,41.662
Seychelles,SYC,1970,54.106
Seychelles,SYC,1980,66.48899999999999
Seychelles,SYC,1990,73.439
Seychelles,SYC,2000,79.32600000000001
Sierra Leone,SLE,1800,794.2639999999999
Sierra Leone,SLE,1820,794.2639999999999
Sierra Leone,SLE,1850,778.7166382
Sierra Leone,SLE,1860,818.5403098999999
Sierra Leone,SLE,1870,869.000204747
Sierra Leone,SLE,1880,931.78257444
Sierra Leone,SLE,1890,999.100761181
Sierra Leone,SLE,1900,1071.28246264
Sierra Leone,SLE,1910,1148.67905156
Sierra Leone,SLE,1920,1219.49074336
Sierra Leone,SLE,1930,1415.26879341
Sierra Leone,SLE,1940,1626.36672651
Sierra Leone,SLE,1950,1944
Sierra Leone,SLE,1960,2256
Sierra Leone,SLE,1970,2789.3059999999996
Sierra Leone,SLE,1980,3335
Sierra Leone,SLE,1990,4226
Sierra Leone,SLE,2000,4816
Singapore,SGP,1800,30
Singapore,SGP,1820,30
Singapore,SGP,1850,56
Singapore,SGP,1870,84
Singapore,SGP,1890,157
Singapore,SGP,1900,215
Singapore,SGP,1910,323
Singapore,SGP,1920,391
Singapore,SGP,1930,596
Singapore,SGP,1940,751
Singapore,SGP,1950,1022.1
Singapore,SGP,1960,1646.4
Singapore,SGP,1970,2074.507
Singapore,SGP,1980,2413.9
Singapore,SGP,1990,3047.1
Singapore,SGP,2000,4036.7529999999997
Slovakia,SVK,1800,2140.651
Slovakia,SVK,1820,2140.651
Slovakia,SVK,1950,3463.446
Slovakia,SVK,1960,3994.27
Slovakia,SVK,1970,4523.873
Slovakia,SVK,1980,4965.958
Slovakia,SVK,1990,5262.616
Slovakia,SVK,2000,5400.32
Slovenia,SVN,1800,469.664
Slovenia,SVN,1820,469.664
Slovenia,SVN,1950,1467.759
Slovenia,SVN,1960,1557.756
Slovenia,SVN,1970,1675.739
Slovenia,SVN,1980,1833
Slovenia,SVN,1990,1991.21
Slovenia,SVN,2000,2010.557
Solomon Is.,,1800,56.998000000000005
Solomon Is.,,1820,56.998000000000005
Solomon Is.,,1910,150
Solomon Is.,,1920,151
Solomon Is.,,1930,94
Solomon Is.,,1940,95
Solomon Is.,,1950,106.647
Solomon Is.,,1960,126.363
Solomon Is.,,1970,163
Solomon Is.,,1980,233
Solomon Is.,,1990,334.524
Solomon Is.,,2000,466.194
Somalia,SOM,1500,800
Somalia,SOM,1600,800
Somalia,SOM,1700,950
Somalia,SOM,1820,1000
Somalia,SOM,1850,1475.77284827
Somalia,SOM,1860,1475.77284827
Somalia,SOM,1870,1475.77284827
Somalia,SOM,1880,1490.59716393
Somalia,SOM,1890,1505.57039163
Somalia,SOM,1900,1551.35216313
Somalia,SOM,1910,1598.52607852
Somalia,SOM,1920,1630.78587475
Somalia,SOM,1930,1801.40215906
Somalia,SOM,1940,1950.81461262
Somalia,SOM,1950,2264
Somalia,SOM,1960,2819
Somalia,SOM,1970,3666.949
Somalia,SOM,1980,5794
Somalia,SOM,1990,6692
Somalia,SOM,2000,7386
South Africa,ZAF,1500,600
South Africa,ZAF,1600,700
South Africa,ZAF,1700,1000
South Africa,ZAF,1820,1550
South Africa,ZAF,1850,3007.53619306
South Africa,ZAF,1860,3325.51504079
South Africa,ZAF,1870,3677.11295113
South Africa,ZAF,1880,4065.88437868
South Africa,ZAF,1890,4495.75958108
South Africa,ZAF,1900,4971.08435175
South Africa,ZAF,1910,5851.87530319
South Africa,ZAF,1920,6825.11416574
South Africa,ZAF,1930,8403.07598669
South Africa,ZAF,1940,10261.853250799999
South Africa,ZAF,1950,12410.204082600001
South Africa,ZAF,1960,16003
South Africa,ZAF,1970,22739.921000000002
South Africa,ZAF,1980,29251.588
South Africa,ZAF,1990,38476
South Africa,ZAF,2000,45064
South Korea,KOR,1800,9395
South Korea,KOR,1820,9395
South Korea,KOR,1850,9545
South Korea,KOR,1870,9753
South Korea,KOR,1890,9848
South Korea,KOR,1900,9896
South Korea,KOR,1910,10096
South Korea,KOR,1920,11804
South Korea,KOR,1930,13900
South Korea,KOR,1940,15627
South Korea,KOR,1950,20845.771
South Korea,KOR,1960,24784.14
South Korea,KOR,1970,32241
South Korea,KOR,1980,38124
South Korea,KOR,1990,42869
South Korea,KOR,2000,46839
Spain,ESP,1500,6800
Spain,ESP,1600,8240
Spain,ESP,1650,7500
Spain,ESP,1700,8770
Spain,ESP,1750,9500
Spain,ESP,1800,11500
Spain,ESP,1820,12203
Spain,ESP,1830,13041
Spain,ESP,1840,13937
Spain,ESP,1850,14894
Spain,ESP,1860,15642
Spain,ESP,1870,16201
Spain,ESP,1880,16859
Spain,ESP,1890,17757
Spain,ESP,1900,18566
Spain,ESP,1910,19858
Spain,ESP,1920,21232
Spain,ESP,1930,23445
Spain,ESP,1940,25757
Spain,ESP,1950,28062.963
Spain,ESP,1960,30641.187
Spain,ESP,1970,33876.479
Spain,ESP,1980,37488.36
Spain,ESP,1990,39350.769
Spain,ESP,2000,40016.081
Sri Lanka,LKA,1500,1000
Sri Lanka,LKA,1600,1250
Sri Lanka,LKA,1700,1500
Sri Lanka,LKA,1800,1750
Sri Lanka,LKA,1820,1213
Sri Lanka,LKA,1850,2217
Sri Lanka,LKA,1860,1893
Sri Lanka,LKA,1870,2786
Sri Lanka,LKA,1880,3021
Sri Lanka,LKA,1890,3343
Sri Lanka,LKA,1900,3912
Sri Lanka,LKA,1910,4668
Sri Lanka,LKA,1920,5250
Sri Lanka,LKA,1930,5707
Sri Lanka,LKA,1940,6134
Sri Lanka,LKA,1950,7533.097
Sri Lanka,LKA,1960,9913
Sri Lanka,LKA,1970,12619
Sri Lanka,LKA,1980,15056
Sri Lanka,LKA,1990,17365
Sri Lanka,LKA,2000,19436
St. Kitts and Nevis,,1810,17.202
St. Kitts and Nevis,,1820,17.202
St. Kitts and Nevis,,1860,34
St. Kitts and Nevis,,1870,40
St. Kitts and Nevis,,1880,44
St. Kitts and Nevis,,1890,48
St. Kitts and Nevis,,1900,46
St. Kitts and Nevis,,1910,43
St. Kitts and Nevis,,1920,37
St. Kitts and Nevis,,1930,36
St. Kitts and Nevis,,1940,38
St. Kitts and Nevis,,1950,44.341
St. Kitts and Nevis,,1960,51.111999999999995
St. Kitts and Nevis,,1970,46.11600000000001
St. Kitts and Nevis,,1980,44.18600000000001
St. Kitts and Nevis,,1990,42
St. Kitts and Nevis,,2000,38.819
St. Lucia,,1810,24
St. Lucia,,1850,24
St. Lucia,,1860,27
St. Lucia,,1870,32
St. Lucia,,1880,39
St. Lucia,,1890,42
St. Lucia,,1900,50
St. Lucia,,1910,49
St. Lucia,,1920,52
St. Lucia,,1930,60
St. Lucia,,1940,70
St. Lucia,,1950,79.05
St. Lucia,,1960,87.68700000000001
St. Lucia,,1970,102.704
St. Lucia,,1980,122.477
St. Lucia,,1990,138
St. Lucia,,2000,153
St. Vincent and the Grenadines,,1810,25.781
St. Vincent and the Grenadines,,1820,25.781
St. Vincent and the Grenadines,,1850,30
St. Vincent and the Grenadines,,1860,32
St. Vincent and the Grenadines,,1870,36
St. Vincent and the Grenadines,,1880,41
St. Vincent and the Grenadines,,1890,41
St. Vincent and the Grenadines,,1900,48
St. Vincent and the Grenadines,,1910,42
St. Vincent and the Grenadines,,1920,44
St. Vincent and the Grenadines,,1930,48
St. Vincent and the Grenadines,,1940,62
St. Vincent and the Grenadines,,1950,66.452
St. Vincent and the Grenadines,,1960,81.021
St. Vincent and the Grenadines,,1970,87.51
St. Vincent and the Grenadines,,1980,98.139
St. Vincent and the Grenadines,,1990,106.524
St. Vincent and the Grenadines,,2000,108
Suriname,SUR,1800,80.721
Suriname,SUR,1820,80.721
Suriname,SUR,1910,95
Suriname,SUR,1920,136
Suriname,SUR,1930,153
Suriname,SUR,1940,184
Suriname,SUR,1950,208.06799999999998
Suriname,SUR,1960,284
Suriname,SUR,1970,372
Suriname,SUR,1980,354
Suriname,SUR,1990,395
Suriname,SUR,2000,432
Sweden,SWE,1500,550
Sweden,SWE,1600,760
Sweden,SWE,1700,1260
Sweden,SWE,1750,1781
Sweden,SWE,1800,2500
Sweden,SWE,1810,2396
Sweden,SWE,1820,2573
Sweden,SWE,1830,2876
Sweden,SWE,1840,3123
Sweden,SWE,1850,3462
Sweden,SWE,1860,3824
Sweden,SWE,1870,4164
Sweden,SWE,1880,4572
Sweden,SWE,1890,4780
Sweden,SWE,1900,5117
Sweden,SWE,1910,5449
Sweden,SWE,1920,5876
Sweden,SWE,1930,6131
Sweden,SWE,1940,6356
Sweden,SWE,1950,7014.005
Sweden,SWE,1960,7480.395
Sweden,SWE,1970,8042.803000000001
Sweden,SWE,1980,8310.473
Sweden,SWE,1990,8559
Sweden,SWE,2000,8872
Switzerland,CHE,1500,650
Switzerland,CHE,1600,1000
Switzerland,CHE,1650,1000
Switzerland,CHE,1700,1200
Switzerland,CHE,1750,1500
Switzerland,CHE,1800,1750
Switzerland,CHE,1820,1986
Switzerland,CHE,1830,2100
Switzerland,CHE,1840,2220
Switzerland,CHE,1850,2379
Switzerland,CHE,1860,2510
Switzerland,CHE,1870,2655
Switzerland,CHE,1880,2839
Switzerland,CHE,1890,2951
Switzerland,CHE,1900,3300
Switzerland,CHE,1910,3735
Switzerland,CHE,1920,3877
Switzerland,CHE,1930,4051
Switzerland,CHE,1940,4226
Switzerland,CHE,1950,4694
Switzerland,CHE,1960,5362
Switzerland,CHE,1970,6267
Switzerland,CHE,1980,6385.229
Switzerland,CHE,1990,6836.626
Switzerland,CHE,2000,7266.92
Syria,SYR,1500,1250
Syria,SYR,1600,1400
Syria,SYR,1700,1250
Syria,SYR,1800,1250
Syria,SYR,1820,1337
Syria,SYR,1870,1582
Syria,SYR,1900,1750
Syria,SYR,1910,1994
Syria,SYR,1950,3495
Syria,SYR,1960,4532.557
Syria,SYR,1970,6258.053000000001
Syria,SYR,1980,8773.582
Syria,SYR,1990,12436.046
Syria,SYR,2000,16305.659
Tajikistan,TJK,1800,466.629
Tajikistan,TJK,1820,466.629
Tajikistan,TJK,1950,1530.047
Tajikistan,TJK,1960,2080.556
Tajikistan,TJK,1970,2938.5159999999996
Tajikistan,TJK,1980,3966
Tajikistan,TJK,1990,5272
Tajikistan,TJK,2000,6230
Tanzania,TZA,1500,1750
Tanzania,TZA,1700,2500
Tanzania,TZA,1800,3000
Tanzania,TZA,1820,3019.768
Tanzania,TZA,1850,5467.53680016
Tanzania,TZA,1860,5413.10681636
Tanzania,TZA,1870,5359.21868956
Tanzania,TZA,1880,5305.86702552
Tanzania,TZA,1890,5412.9445336
Tanzania,TZA,1900,4995.17029146
Tanzania,TZA,1910,4798.92190676
Tanzania,TZA,1920,4798.92190676
Tanzania,TZA,1930,5569.3447889
Tanzania,TZA,1940,6400.05424784
Tanzania,TZA,1950,7650
Tanzania,TZA,1960,10072
Tanzania,TZA,1970,13806.868999999999
Tanzania,TZA,1980,18665
Tanzania,TZA,1990,25214
Tanzania,TZA,2000,33712
Thailand,THA,1500,2000
Thailand,THA,1600,2250
Thailand,THA,1700,2500
Thailand,THA,1800,3000
Thailand,THA,1820,4665
Thailand,THA,1850,5230
Thailand,THA,1870,5775
Thailand,THA,1890,6670
Thailand,THA,1900,7320
Thailand,THA,1910,8305
Thailand,THA,1920,9802
Thailand,THA,1930,12392
Thailand,THA,1940,15513
Thailand,THA,1950,20041.628
Thailand,THA,1960,27512.75
Thailand,THA,1970,37090.871
Thailand,THA,1980,47025.764
Thailand,THA,1990,55196.722
Thailand,THA,2000,61862.928
Timor,TLS,1800,137.262
Timor,TLS,1820,137.262
Timor,TLS,1880,302
Timor,TLS,1890,321
Timor,TLS,1900,348
Timor,TLS,1910,376
Timor,TLS,1920,398
Timor,TLS,1930,472
Timor,TLS,1940,451
Timor,TLS,1950,442
Timor,TLS,1960,517
Timor,TLS,1970,609
Timor,TLS,1980,555
Timor,TLS,1990,748
Timor,TLS,2000,846.5989999999999
Togo,TGO,1800,445.985
Togo,TGO,1820,445.985
Togo,TGO,1850,506.57822040900004
Togo,TGO,1860,537.806839726
Togo,TGO,1870,570.960584572
Togo,TGO,1880,624.4789313819999
Togo,TGO,1890,669.595453704
Togo,TGO,1900,717.971494457
Togo,TGO,1910,769.842542988
Togo,TGO,1920,833.6950606639999
Togo,TGO,1930,967.5371535219999
Togo,TGO,1940,1111.85256149
Togo,TGO,1950,1329
Togo,TGO,1960,1572
Togo,TGO,1970,1964.128
Togo,TGO,1980,2481.375
Togo,TGO,1990,3504.813
Togo,TGO,2000,4711.655
Tonga,TON,1700,16.962
Tonga,TON,1800,18.658
Tonga,TON,1840,18.5
Tonga,TON,1850,18.5
Tonga,TON,1900,20
Tonga,TON,1910,23
Tonga,TON,1920,25
Tonga,TON,1930,29
Tonga,TON,1940,34
Tonga,TON,1950,45.744
Tonga,TON,1960,63.718
Tonga,TON,1970,83.1
Tonga,TON,1980,91.361
Tonga,TON,1990,92.073
Tonga,TON,2000,102.321
Trinidad and Tobago,TTO,1800,20
Trinidad and Tobago,TTO,1820,60
Trinidad and Tobago,TTO,1850,80
Trinidad and Tobago,TTO,1860,99
Trinidad and Tobago,TTO,1870,124
Trinidad and Tobago,TTO,1880,171
Trinidad and Tobago,TTO,1890,218
Trinidad and Tobago,TTO,1900,268
Trinidad and Tobago,TTO,1910,331
Trinidad and Tobago,TTO,1920,389
Trinidad and Tobago,TTO,1930,405
Trinidad and Tobago,TTO,1940,476
Trinidad and Tobago,TTO,1950,632
Trinidad and Tobago,TTO,1960,841.15
Trinidad and Tobago,TTO,1970,955
Trinidad and Tobago,TTO,1980,1090.513
Trinidad and Tobago,TTO,1990,1255
Trinidad and Tobago,TTO,2000,1252
Tunisia,TUN,1500,800
Tunisia,TUN,1600,1000
Tunisia,TUN,1700,800
Tunisia,TUN,1800,800
Tunisia,TUN,1820,875
Tunisia,TUN,1850,1112.62213542
Tunisia,TUN,1860,1230.25673127
Tunisia,TUN,1870,1360.32852184
Tunisia,TUN,1880,1504.15245882
Tunisia,TUN,1890,1663.18252029
Tunisia,TUN,1900,1832.63748631
Tunisia,TUN,1910,2154.0057473
Tunisia,TUN,1920,2265.43513678
Tunisia,TUN,1930,2529.29029891
Tunisia,TUN,1940,3013.96609169
Tunisia,TUN,1950,3498.61264824
Tunisia,TUN,1960,4221
Tunisia,TUN,1970,5098.627
Tunisia,TUN,1980,6443.183000000001
Tunisia,TUN,1990,8211
Tunisia,TUN,2000,9568
Turkey,TUR,1500,6300
Turkey,TUR,1600,7900
Turkey,TUR,1700,8400
Turkey,TUR,1820,10074
Turkey,TUR,1870,11793
Turkey,TUR,1910,15000
Turkey,TUR,1920,13877
Turkey,TUR,1930,14928
Turkey,TUR,1940,17821
Turkey,TUR,1950,21121.639
Turkey,TUR,1960,28217.122000000003
Turkey,TUR,1970,35758.382000000005
Turkey,TUR,1980,45048
Turkey,TUR,1990,56561
Turkey,TUR,2000,67329
Turkmenistan,TKM,1800,367.215
Turkmenistan,TKM,1820,367.215
Turkmenistan,TKM,1950,1204.075
Turkmenistan,TKM,1960,1584.82
Turkmenistan,TKM,1970,2181.272
Turkmenistan,TKM,1980,2875.133
Turkmenistan,TKM,1990,3658
Turkmenistan,TKM,2000,4385
Tuvalu,TUV,1800,2.499
Tuvalu,TUV,1820,2.499
Tuvalu,TUV,1950,4.676
Tuvalu,TUV,1960,5.263999999999999
Tuvalu,TUV,1970,5.815
Tuvalu,TUV,1980,7.49
Tuvalu,TUV,1990,9.168
Tuvalu,TUV,2000,10.838
Uganda,UGA,1500,1500
Uganda,UGA,1700,2000
Uganda,UGA,1800,2500
Uganda,UGA,1820,2101.397
Uganda,UGA,1850,2960.34257141
Uganda,UGA,1860,3080.91061627
Uganda,UGA,1870,3206.38912438
Uganda,UGA,1880,3370.36428758
Uganda,UGA,1890,3542.72516227
Uganda,UGA,1900,3507.4569089
Uganda,UGA,1910,3236.74932213
Uganda,UGA,1920,3172.59385414
Uganda,UGA,1930,3755.12162368
Uganda,UGA,1940,4315.226119
Uganda,UGA,1950,5158
Uganda,UGA,1960,6787
Uganda,UGA,1970,9743
Uganda,UGA,1980,12415
Uganda,UGA,1990,17456
Uganda,UGA,2000,23956
Ukraine,UKR,1800,11215.49
Ukraine,UKR,1820,11215.49
Ukraine,UKR,1950,36774.854
Ukraine,UKR,1960,42644.035
Ukraine,UKR,1970,47235.697
Ukraine,UKR,1980,50046.649000000005
Ukraine,UKR,1990,51622.275
Ukraine,UKR,2000,49007.559
United Arab Emirates,ARE,1800,40.153
United Arab Emirates,ARE,1820,40.153
United Arab Emirates,ARE,1870,40.153
United Arab Emirates,ARE,1910,50.995
United Arab Emirates,ARE,1950,71.52
United Arab Emirates,ARE,1960,103.04799999999999
United Arab Emirates,ARE,1970,249.36900000000003
United Arab Emirates,ARE,1980,1000.285
United Arab Emirates,ARE,1990,1826
United Arab Emirates,ARE,2000,3219
United Kingdom,GBR,1500,3942
United Kingdom,GBR,1600,6170
United Kingdom,GBR,1650,5800
United Kingdom,GBR,1700,8565
United Kingdom,GBR,1750,7250
United Kingdom,GBR,1800,10750
United Kingdom,GBR,1810,11970
United Kingdom,GBR,1820,21239
United Kingdom,GBR,1830,24139
United Kingdom,GBR,1840,26745
United Kingdom,GBR,1850,27181
United Kingdom,GBR,1860,28888
United Kingdom,GBR,1870,31400
United Kingdom,GBR,1880,34623
United Kingdom,GBR,1890,37485
United Kingdom,GBR,1900,41155
United Kingdom,GBR,1910,44916
United Kingdom,GBR,1920,46821
United Kingdom,GBR,1930,45866
United Kingdom,GBR,1940,48226
United Kingdom,GBR,1950,50127
United Kingdom,GBR,1960,52372
United Kingdom,GBR,1970,55632
United Kingdom,GBR,1980,56314
United Kingdom,GBR,1990,57493.307
United Kingdom,GBR,2000,59522.468
United States,USA,1500,2000
United States,USA,1600,1500
United States,USA,1700,1000
United States,USA,1750,2000
United States,USA,1800,6000
United States,USA,1810,7240
United States,USA,1820,9980.5102
United States,USA,1830,13240.3139
United States,USA,1840,17443.768
United States,USA,1850,23579.7179
United States,USA,1860,31838.9007
United States,USA,1870,40240.6295
United States,USA,1880,50458
United States,USA,1890,63302
United States,USA,1900,76391
United States,USA,1910,92767
United States,USA,1920,106881
United States,USA,1930,123668
United States,USA,1940,132637
United States,USA,1950,152271
United States,USA,1960,180671
United States,USA,1970,205052
United States,USA,1980,227726.46300000002
United States,USA,1990,250131.89399999997
United States,USA,2000,282158
Uruguay,URY,1800,55
Uruguay,URY,1820,55
Uruguay,URY,1850,132
Uruguay,URY,1860,223
Uruguay,URY,1870,343
Uruguay,URY,1880,464
Uruguay,URY,1890,686
Uruguay,URY,1900,915
Uruguay,URY,1910,1081
Uruguay,URY,1920,1371
Uruguay,URY,1930,1713
Uruguay,URY,1940,1965
Uruguay,URY,1950,2194.275
Uruguay,URY,1960,2530.969
Uruguay,URY,1970,2823.659
Uruguay,URY,1980,2919.8509999999997
Uruguay,URY,1990,3110
Uruguay,URY,2000,3328
Uzbekistan,UZB,1800,1919.1589999999999
Uzbekistan,UZB,1820,1919.1589999999999
Uzbekistan,UZB,1950,6292.797
Uzbekistan,UZB,1960,8531.032
Uzbekistan,UZB,1970,11940.155
Uzbekistan,UZB,1980,15994
Uzbekistan,UZB,1990,20530
Uzbekistan,UZB,2000,25042
Vanuatu,VUT,1800,27.791
Vanuatu,VUT,1820,27.791
Vanuatu,VUT,1910,67
Vanuatu,VUT,1920,60
Vanuatu,VUT,1930,60
Vanuatu,VUT,1940,50
Vanuatu,VUT,1950,52
Vanuatu,VUT,1960,66.087
Vanuatu,VUT,1970,85.4
Vanuatu,VUT,1980,116.771
Vanuatu,VUT,1990,153.785
Vanuatu,VUT,2000,189.618
Venezuela,VEN,1500,400
Venezuela,VEN,1550,400
Venezuela,VEN,1600,400
Venezuela,VEN,1650,450
Venezuela,VEN,1700,500
Venezuela,VEN,1750,700
Venezuela,VEN,1800,1000
Venezuela,VEN,1810,802
Venezuela,VEN,1820,718
Venezuela,VEN,1830,887
Venezuela,VEN,1840,1219
Venezuela,VEN,1850,1324
Venezuela,VEN,1870,1653
Venezuela,VEN,1880,1952
Venezuela,VEN,1890,2224
Venezuela,VEN,1900,2542
Venezuela,VEN,1910,2805
Venezuela,VEN,1920,2992
Venezuela,VEN,1930,3300
Venezuela,VEN,1940,3784
Venezuela,VEN,1950,5009.005999999999
Venezuela,VEN,1960,7556.483
Venezuela,VEN,1970,10758.017
Venezuela,VEN,1980,14767.89
Venezuela,VEN,1990,19325.221999999998
Venezuela,VEN,2000,23493
Vietnam,VNM,1500,2000
Vietnam,VNM,1700,3000
Vietnam,VNM,1800,4000
Vietnam,VNM,1820,6551
Vietnam,VNM,1850,6000
Vietnam,VNM,1870,10528
Vietnam,VNM,1900,11500
Vietnam,VNM,1910,19339
Vietnam,VNM,1930,17702
Vietnam,VNM,1940,18972
Vietnam,VNM,1950,25348.144
Vietnam,VNM,1960,31656.282000000003
Vietnam,VNM,1970,42576.676
Vietnam,VNM,1980,53715.202000000005
Vietnam,VNM,1990,67282.704
Vietnam,VNM,2000,79060.41
Yemen,YEM,1500,2250
Yemen,YEM,1600,2500
Yemen,YEM,1700,2250
Yemen,YEM,1800,2593
Yemen,YEM,1820,2593
Yemen,YEM,1870,2840
Yemen,YEM,1900,3000
Yemen,YEM,1910,3284
Yemen,YEM,1950,4777.089
Yemen,YEM,1960,5871.831
Yemen,YEM,1970,7098.2390000000005
Yemen,YEM,1980,9132.545
Yemen,YEM,1990,12416.08
Yemen,YEM,2000,17495
Zambia,ZMB,1800,747
Zambia,ZMB,1850,1593.22851148
Zambia,ZMB,1860,1608.89180228
Zambia,ZMB,1870,1620.36393857
Zambia,ZMB,1880,1638.71880114
Zambia,ZMB,1890,1690.15859766
Zambia,ZMB,1900,1673.33286635
Zambia,ZMB,1910,1575.60077298
Zambia,ZMB,1920,1513.6991583
Zambia,ZMB,1930,1756.70967001
Zambia,ZMB,1940,2018.73606537
Zambia,ZMB,1950,2413
Zambia,ZMB,1960,3138
Zambia,ZMB,1970,4251.612
Zambia,ZMB,1980,5699.776999999999
Zambia,ZMB,1990,7978
Zambia,ZMB,2000,10205
Zimbabwe,ZWE,1800,1085.8139999999999
Zimbabwe,ZWE,1820,1085.8139999999999
Zimbabwe,ZWE,1850,665.718457759
Zimbabwe,ZWE,1860,736.1031096869999
Zimbabwe,ZWE,1870,813.9293447189999
Zimbabwe,ZWE,1880,899.9839417539999
Zimbabwe,ZWE,1890,995.136863748
Zimbabwe,ZWE,1900,1100.35005254
Zimbabwe,ZWE,1910,1295.31322377
Zimbabwe,ZWE,1920,1510.73975001
Zimbabwe,ZWE,1930,1860.02176772
Zimbabwe,ZWE,1940,2271.46231378
Zimbabwe,ZWE,1950,2747
Zimbabwe,ZWE,1960,3751
Zimbabwe,ZWE,1970,5514.536
Zimbabwe,ZWE,1980,7169.968000000001
Zimbabwe,ZWE,1990,10156
Zimbabwe,ZWE,2000,11820